"latitude","longitude","pixel_id","sst_weekly_avg","sla_weekly_avg","sst_scaled","sla_scaled","oni_lag8","month","predicted_log_chlor","predicted_chlor_actual"
18.125,-109.875,"18.125_-109.875",30.0119213510848,0.209816666666667,1.40821834054081,1.79424690953734,-0.4,9,-2.44388512545535,0.0868228775798432
18.125,-109.625,"18.125_-109.625",30.4307123397436,0.212033333333333,1.57092385922779,1.81915783611779,-0.4,9,-2.41917230147139,0.0889952482191514
18.125,-109.375,"18.125_-109.375",30.4674368836292,0.219833333333333,1.58519180224296,1.90681432964903,-0.4,9,-2.38600279871252,0.0919966791562293
18.125,-109.125,"18.125_-109.125",30.3868640491453,0.22175,1.55388825182807,1.92835385263213,-0.4,9,-2.37524941198959,0.092991293174654
18.125,-108.875,"18.125_-108.875",30.3153540433925,0.228366666666667,1.52610572332959,2.00271203197379,-0.4,9,-2.34259215282944,0.0960782656160981
18.125,-108.625,"18.125_-108.625",30.5716271367521,0.2358,1.62567101415434,2.08624792110826,-0.4,9,-2.25342713003456,0.105038625975814
18.125,-108.375,"18.125_-108.375",30.9974938362919,0.238766666666667,1.79112553470656,2.1195873566821,-0.4,9,-1.95255174729052,0.141911486918798
18.125,-108.125,"18.125_-108.125",31.1136038995726,0.241066666666667,1.83623574142656,2.14543478426182,-0.4,9,-1.80086106114805,0.16515661703201
18.125,-107.875,"18.125_-107.875",31.2992670118343,0.2421,1.90836817454867,2.15704739665271,-0.4,9,-1.50562476269423,0.221878629030097
18.125,-107.625,"18.125_-107.625",31.3497646901709,0.2408,1.92798715195924,2.14243798106417,-0.4,9,-1.4012702075634,0.246283933461826
18.125,-107.375,"18.125_-107.375",31.2439013806706,0.23335,1.88685793679314,2.05871479172986,-0.4,9,-1.58094012565966,0.205781546725421
18.125,-107.125,"18.125_-107.125",31.044172275641,0.228916666666667,1.80926069016948,2.00889293856894,-0.4,9,-1.82056927751868,0.161933539565847
18.125,-106.875,"18.125_-106.875",30.9492709566075,0.220083333333333,1.77239034492428,1.90962383264682,-0.4,9,-1.88876498332158,0.15125850029973
18.125,-106.625,"18.125_-106.625",30.8910857371795,0.2091,1.74978466198619,1.78619300094366,-0.4,9,-1.96167720509059,0.140622370468268
18.125,-106.375,"18.125_-106.375",30.7895384615385,0.2028,1.71033227976723,1.7153935253992,-0.4,9,-2.02781680260728,0.131622565739325
18.125,-106.125,"18.125_-106.125",30.6505323183761,0.20975,1.65632666064838,1.79349770873793,-0.4,9,-2.0277206716562,0.131635219349944
18.125,-105.875,"18.125_-105.875",30.6434566074951,0.22795,1.65357765878313,1.99802952697747,-0.4,9,-1.97062456720009,0.139369783231127
18.125,-105.625,"18.125_-105.625",30.7872796474359,0.253716666666667,1.7094547023357,2.2875956359503,-0.4,9,-1.83730264157234,0.15924639190686
18.125,-105.375,"18.125_-105.375",31.0463989151874,0.281083333333333,1.81012576738491,2.59514256410902,-0.4,9,-1.61519365446641,0.198852158103325
18.125,-105.125,"18.125_-105.125",31.0108114316239,0.3102,1.79629958647663,2.92235601325231,-0.4,9,-1.76273804529034,0.171574441506628
18.125,-104.875,"18.125_-104.875",30.689301035503,0.333916666666667,1.6713887904453,3.18888419764322,-0.4,9,-2.02515877609597,0.131972887384401
18.125,-104.625,"18.125_-104.625",30.7350277777778,0.348116666666667,1.68915419973339,3.34846396791802,-0.4,9,-1.94664789134967,0.142751789967226
18.125,-104.375,"18.125_-104.375",30.7882233727811,0.357683333333333,1.7098213513944,3.45597428263368,-0.4,9,-1.8325709175733,0.1600016873969
18.125,-104.125,"18.125_-104.125",30.8630793269231,0.367916666666667,1.73890382254424,3.57097660534346,-0.4,9,-1.67758239616967,0.186825099577025
18.125,-103.875,"18.125_-103.875",30.8540833333333,0.38085,1.73540876691324,3.71632156042943,-0.4,9,-1.45250503165591,0.233983417468227
18.375,-109.875,"18.375_-109.875",30.0755045405983,0.219116666666667,1.4329212021346,1.89876042105534,-0.4,9,-2.44120253561817,0.087056100429635
18.375,-109.625,"18.375_-109.625",30.4075011574074,0.2191,1.56190602559808,1.89857312085549,-0.4,9,-2.41726098517,0.0891655089470394
18.375,-109.375,"18.375_-109.375",30.3961241987179,0.226833333333333,1.55748593535073,1.98548041358731,-0.4,9,-2.38420315373248,0.0921623895832978
18.375,-109.125,"18.375_-109.125",30.2973125,0.232766666666667,1.51909635886119,2.052159284735,-0.4,9,-2.36523799347504,0.0939269437084823
18.375,-108.875,"18.375_-108.875",30.456312232906,0.23625,1.58086973678513,2.09130502650429,-0.4,9,-2.30706558753002,0.0995529527905586
18.375,-108.625,"18.375_-108.625",30.8337916666667,0.2437,1.72752520150846,2.17502821583861,-0.4,9,-2.10604819681874,0.121718022934483
18.375,-108.375,"18.375_-108.375",31.0165243055556,0.249066666666667,1.79851910920136,2.23533888019129,-0.4,9,-1.91427357252954,0.147448904626228
18.375,-108.125,"18.375_-108.125",30.9414464699074,0.2494,1.76935043432096,2.23908488418835,-0.4,9,-1.96656432947668,0.139936808031272
18.375,-107.875,"18.375_-107.875",30.9886669337607,0.248016666666667,1.78769617305926,2.22353896760055,-0.4,9,-1.90343974680584,0.149055024866081
18.375,-107.625,"18.375_-107.625",31.1109866898148,0.23715,1.8352189228161,2.10141923729635,-0.4,9,-1.76130972616066,0.171819679661078
18.375,-107.375,"18.375_-107.375",31.2788293269231,0.227216666666667,1.90042787923598,1.98978831818393,-0.4,9,-1.50609051823398,0.221775311891607
18.375,-107.125,"18.375_-107.125",31.2726024305556,0.216783333333333,1.8980086523884,1.87253839307592,-0.4,9,-1.5325652611503,0.215980908635652
18.375,-106.875,"18.375_-106.875",31.0281688034188,0.212716666666667,1.80304314175219,1.82683714431177,-0.4,9,-1.82080901911524,0.161894722013811
18.375,-106.625,"18.375_-106.625",30.7874777199074,0.203566666666667,1.70953165595955,1.72400933459244,-0.4,9,-1.98489033381856,0.137395680950454
18.375,-106.375,"18.375_-106.375",31.0000018696581,0.2085,1.79209993692816,1.77945019374895,-0.4,9,-1.76730387839652,0.170792846914469
18.375,-106.125,"18.375_-106.125",30.8485491898148,0.221483333333333,1.73325868318161,1.92535704943448,-0.4,9,-1.85014894678319,0.157213748087586
18.375,-105.875,"18.375_-105.875",30.491766292735,0.2458,1.59464408090968,2.19862804102009,-0.4,9,-1.93136245710716,0.144950574946376
18.375,-105.625,"18.375_-105.625",30.7948990162037,0.2668,1.71241492206584,2.43462629283495,-0.4,9,-1.73936027880812,0.175632720659804
18.375,-105.375,"18.375_-105.375",31.0801359508547,0.299466666666667,1.82323302622253,2.80173468454694,-0.4,9,-1.55438476483846,0.211319353752216
18.375,-105.125,"18.375_-105.125",31.2360648148148,0.332433333333333,1.88381333328729,3.17221447985629,-0.4,9,-1.45298529422188,0.233871070971827
18.375,-104.875,"18.375_-104.875",31.1309631410256,0.358333333333333,1.8429800230876,3.46327899042795,-0.4,9,-1.48565099113377,0.22635493764515
18.375,-104.625,"18.375_-104.625",31.0354293981481,0.377983333333333,1.80586397329682,3.68410592605471,-0.4,9,-1.41530480955521,0.242851578684383
18.375,-104.375,"18.375_-104.375",30.9195811965812,0.389683333333333,1.76085550311634,3.81559066635155,-0.4,9,-1.42411008425323,0.240722590740583
18.375,-104.125,"18.375_-104.125",30.9076611689815,0.40035,1.75622442382882,3.93546279425751,-0.4,9,-1.31723449334213,0.267875088893334
18.375,-103.875,"18.375_-103.875",30.8544444444444,0.405433333333333,1.73554906308061,3.99258935521269,-0.4,9,-1.11693335346486,0.32728191521417
18.625,-109.875,"18.625_-109.875",30.1591964990138,0.22715,1.46543657107206,1.98903911738452,-0.4,9,-2.43143226230141,0.0879108310011261
18.625,-109.625,"18.625_-109.625",30.4791383547009,0.22805,1.58973796959535,1.99915332817658,-0.4,9,-2.38536301476972,0.0920555559865617
18.625,-109.375,"18.625_-109.375",30.4623624260355,0.230283333333333,1.58322031222241,2.02425155495689,-0.4,9,-2.36466930211206,0.0939803743414501
18.625,-109.125,"18.625_-109.125",30.3686704059829,0.237433333333333,1.54681979470337,2.10460334069386,-0.4,9,-2.35303810297449,0.0950798605667704
18.625,-108.875,"18.625_-108.875",30.6210465976331,0.241183333333333,1.64487109064506,2.1467458856608,-0.4,9,-2.24983313066999,0.105416813927373
18.625,-108.625,"18.625_-108.625",30.9151837606838,0.249216666666667,1.75914704446283,2.23702458198997,-0.4,9,-2.03836720156963,0.130241194978095
18.625,-108.375,"18.625_-108.375",30.986051035503,0.254333333333333,1.78667986398294,2.29452574334486,-0.4,9,-1.94843341817791,0.142497130235009
18.625,-108.125,"18.625_-108.125",30.9352521367521,0.254833333333333,1.76694385868719,2.30014474934045,-0.4,9,-1.96215810490656,0.140554761454074
18.625,-107.875,"18.625_-107.875",30.9300544871795,0.25075,1.76492450704742,2.25425620037645,-0.4,9,-1.92511283883254,0.145859297334782
18.625,-107.625,"18.625_-107.625",31.0242711004274,0.23815,1.80152883556107,2.11265724928754,-0.4,9,-1.82575620623794,0.161095776425986
18.625,-107.375,"18.625_-107.375",31.1813232248521,0.224216666666667,1.86254554331606,1.95607428221038,-0.4,9,-1.6351999487492,0.194913394713178
18.625,-107.125,"18.625_-107.125",31.1538977029915,0.212383333333333,1.85189038625577,1.82309114031471,-0.4,9,-1.67483108058142,0.187339822143186
18.625,-106.875,"18.625_-106.875",30.8571109467456,0.211766666666667,1.73658503245849,1.81616103292015,-0.4,9,-1.91937341756013,0.14669885226375
18.625,-106.625,"18.625_-106.625",30.7819473824786,0.2096,1.70738305094122,1.79181200693925,-0.4,9,-1.92473419082155,0.14591453712516
18.625,-106.375,"18.625_-106.375",31.016375,0.222033333333333,1.79846110213216,1.93153795602963,-0.4,9,-1.65313467020643,0.191448838065219
18.625,-106.125,"18.625_-106.125",30.9983018162393,0.23825,1.79143944498637,2.11378105048666,-0.4,9,-1.60511009238473,0.200867439717445
18.625,-105.875,"18.625_-105.875",30.7152524654832,0.266483333333333,1.68147124443776,2.43106758903774,-0.4,9,-1.72993896882291,0.17729523017628
18.625,-105.625,"18.625_-105.625",30.9448242521368,0.293616666666667,1.77066274481598,2.73599231439852,-0.4,9,-1.63579721364773,0.194797014542617
18.625,-105.375,"18.625_-105.375",31.2434082840237,0.32515,1.88666636260011,3.09036429252051,-0.4,9,-1.36049410935773,0.256533989787844
18.625,-105.125,"18.625_-105.125",31.6114505876068,0.357133333333333,2.02965538463,3.44979337603853,-0.4,9,-0.495683291493082,0.609154534948965
18.625,-104.875,"18.625_-104.875",31.5534913708087,0.384716666666667,2.00713750653038,3.75977520679534,-0.4,9,-0.286961880980063,0.750540338153899
18.625,-104.625,"18.625_-104.625",31.114516292735,0.40735,1.83659021754174,4.0141288781958,-0.4,9,-0.911313104476205,0.401996014546294
18.625,-104.375,"18.625_-104.375",30.9963809171598,0.42605,1.79069315175288,4.22427970243093,-0.4,9,-0.871372498075007,0.418376933472501
18.625,-104.125,"18.625_-104.125",30.9322764423077,0.439533333333333,1.76578776430802,4.37580556411205,-0.4,9,-0.603676638322222,0.546797558986423
18.625,-103.875,"18.625_-103.875",30.9085769230769,0.446483333333333,1.75658020570838,4.45390974745078,-0.4,9,-0.176978647722917,0.837797673220069
18.875,-109.875,"18.875_-109.875",30.3897596153846,0.230933333333333,1.55501321540087,2.03155626275116,-0.4,9,-2.41887413496743,0.0890217875775593
18.875,-109.625,"18.875_-109.625",30.7632679398148,0.233366666666667,1.70012585465547,2.05890209192971,-0.4,9,-2.2648927120224,0.103841174852817
18.875,-109.375,"18.875_-109.375",30.5816776175214,0.231766666666667,1.62957575119715,2.04092127274382,-0.4,9,-2.32612121478292,0.0976738692482785
18.875,-109.125,"18.875_-109.125",30.4606180555556,0.2397,1.58254260255002,2.13007616787387,-0.4,9,-2.3355537663427,0.0967568869806912
18.875,-108.875,"18.875_-108.875",30.4181533119658,0.242766666666667,1.56604452040693,2.16453940464684,-0.4,9,-2.31343831348494,0.0989205463212354
18.875,-108.625,"18.875_-108.625",30.7834947916667,0.250916666666667,1.70798423869688,2.25612920237498,-0.4,9,-2.13607207655917,0.118117891050868
18.875,-108.375,"18.875_-108.375",30.9328739316239,0.255966666666667,1.76601989635417,2.31288116293046,-0.4,9,-1.98052676577943,0.137996526314
18.875,-108.125,"18.875_-108.125",31.0034869791667,0.2593,1.79345394540882,2.35034120290107,-0.4,9,-1.87162611408564,0.153873242817834
18.875,-107.875,"18.875_-107.875",30.9936028311966,0.25615,1.78961383073156,2.31494146512884,-0.4,9,-1.85466570556639,0.156505252765811
18.875,-107.625,"18.875_-107.625",30.8404337384259,0.2428,1.73010572917026,2.16491400504654,-0.4,9,-1.95214987995896,0.141968527970063
18.875,-107.375,"18.875_-107.375",31.1517564102564,0.229266666666667,1.85105846734025,2.01282624276586,-0.4,9,-1.61948738105859,0.198000171711418
18.875,-107.125,"18.875_-107.125",31.0956412037037,0.221666666666667,1.82925701020378,1.92741735163286,-0.4,9,-1.66971396895709,0.188300917844591
18.875,-106.875,"18.875_-106.875",30.9573963675214,0.226666666666667,1.77554716833521,1.98360741158878,-0.4,9,-1.74262623619224,0.175060047351216
18.875,-106.625,"18.875_-106.625",30.7015572916667,0.2324,1.6761504987205,2.04803868033823,-0.4,9,-1.86692684954128,0.154598035554734
18.875,-106.375,"18.875_-106.375",30.7347139423077,0.2496,1.68903227074178,2.24133248658659,-0.4,9,-1.75483286079131,0.172936144286631
18.875,-106.125,"18.875_-106.125",30.8756707175926,0.267616666666667,1.74379573475189,2.44380400262775,-0.4,9,-1.60321640237344,0.201248180770614
18.875,-105.875,"18.875_-105.875",30.8379476495727,0.294033333333333,1.72913985266545,2.74067481939485,-0.4,9,-1.64936669841892,0.192171572652475
18.875,-105.625,"18.875_-105.625",31.3795899884259,0.327033333333333,1.93957465205831,3.1115292151039,-0.4,9,-1.07602685824675,0.340947470763429
18.875,-105.375,"18.875_-105.375",31.7449035790598,0.347866666666667,2.08150353509815,3.34565446492023,-0.4,9,-0.200966336586738,0.8179399657415
18.875,-105.125,"18.875_-105.125",31.8722358217593,0.374983333333333,2.13097369838972,3.65039189008115,-0.4,9,0.466400004727664,1.59424457719084
18.875,-104.875,"18.875_-104.875",31.624764957265,0.408866666666667,2.03482818318555,4.03117319638242,-0.4,9,0.393140166938907,1.48162604976336
18.875,-104.625,"18.875_-104.625",31.3635538194444,0.4328,1.93334440054254,4.30013628337142,-0.4,9,0.309664046750566,1.36296714396732
18.875,-104.375,"18.875_-104.375",31.0563966346154,0.455833333333333,1.81401000598907,4.55898515956835,-0.4,9,0.251028064320948,1.28534615619208
18.875,-104.125,"18.875_-104.125",30.9369556918882,0.4666,1.76760571108978,4.67998108867342,-0.4,9,0.531700053243654,1.7018230405034
18.875,-103.875,"18.875_-103.875",30.9165277777778,0.471566666666667,1.75966921185498,4.73579654822963,-0.4,9,0.932454906330219,2.54073880368762
19.125,-109.875,"19.125_-109.875",30.5836725838264,0.226566666666667,1.63035082047089,1.98248361038966,-0.4,9,-2.38379720676285,0.0921998102209467
19.125,-109.625,"19.125_-109.625",30.5829519230769,0.22825,1.63007083478776,2.00140093057482,-0.4,9,-2.35329875080299,0.0950550814370334
19.125,-109.375,"19.125_-109.375",30.4523251972387,0.229216666666667,1.57932072373604,2.0122643421663,-0.4,9,-2.35763657850694,0.0946436418934626
19.125,-109.125,"19.125_-109.125",30.3422641559829,0.238183333333333,1.53656063746461,2.11303184968724,-0.4,9,-2.3456799993797,0.0957820482473143
19.125,-108.875,"19.125_-108.875",30.2937783530572,0.238516666666667,1.51772329872614,2.11677785368431,-0.4,9,-2.32417866433845,0.0978637900720679
19.125,-108.625,"19.125_-108.625",30.5529620726496,0.2463,1.61841940411884,2.20424704701568,-0.4,9,-2.23785622759426,0.106686971987076
19.125,-108.375,"19.125_-108.375",30.8097359467456,0.253816666666667,1.71817925450113,2.28871943714941,-0.4,9,-2.07465910899413,0.125599235846136
19.125,-108.125,"19.125_-108.125",30.9680910790598,0.2582,1.77970219706122,2.33797938971077,-0.4,9,-1.9029537420943,0.14912748391674
19.125,-107.875,"19.125_-107.875",31.0286538461538,0.263216666666667,1.80323158690008,2.39435674986654,-0.4,9,-1.81049265653998,0.163573531378938
19.125,-107.625,"19.125_-107.625",30.9103616452991,0.256266666666667,1.75727359253557,2.31625256652781,-0.4,9,-1.87362620274872,0.153565790258005
19.125,-107.375,"19.125_-107.375",30.8668856015779,0.255066666666667,1.74038260768707,2.30276695213839,-0.4,9,-1.85717545627435,0.156112956086236
19.125,-107.125,"19.125_-107.125",31.0822855235043,0.261216666666667,1.82406816198805,2.37188072588417,-0.4,9,-1.59857394215879,0.202184639497392
19.125,-106.875,"19.125_-106.875",31.1038831360947,0.268033333333333,1.83245910366083,2.44848650762407,-0.4,9,-1.51421776261976,0.21998019429377
19.125,-106.625,"19.125_-106.625",30.7646049679487,0.278666666666667,1.70064530674952,2.56798403513033,-0.4,9,-1.78868709933361,0.167179515743355
19.125,-106.375,"19.125_-106.375",30.5634654832347,0.28665,1.62250011004022,2.65770083085994,-0.4,9,-1.82138535310749,0.161801443464731
19.125,-106.125,"19.125_-106.125",30.8395077457265,0.311633333333333,1.72974596946544,2.93846383043968,-0.4,9,-1.7175990459886,0.179496594031517
19.125,-105.875,"19.125_-105.875",30.9945310650888,0.336966666666667,1.7899744611677,3.22316013421633,-0.4,9,-1.53307750762951,0.215870301507102
19.125,-105.625,"19.125_-105.625",31.4784903846154,0.36025,1.97799868862101,3.48481851341105,-0.4,9,-0.580471978943927,0.559634168678468
19.125,-105.375,"19.125_-105.375",31.7610421597633,0.379916666666667,2.08777357484433,3.70583274923766,-0.4,9,0.361536154384442,1.43553292185525
19.125,-105.125,"19.125_-105.125",31.8238675213675,0.38815,2.11218201085019,3.79835904796507,-0.4,9,0.845091141055361,2.3281899985943
19.125,-104.875,"19.125_-104.875",31.6205416036309,0.40615,2.03318735766102,4.00064326380638,-0.4,9,1.06502448830144,2.9009100215489
19.125,-104.625,"19.125_-104.625",31.3824618473896,0.4232,1.94069040505904,4.19225136825606,-0.4,9,1.1791351002301,3.25156071225952
19.125,-104.375,"19.125_-104.375",31.1893070175439,0.44175,1.86564734628266,4.40071649069251,-0.4,9,1.29265863488587,3.64245765909265
19.375,-109.875,"19.375_-109.875",30.5983667200855,0.215316666666667,1.6360596755476,1.85605597548885,-0.4,9,-2.39425426605776,0.0912406948416131
19.375,-109.625,"19.375_-109.625",30.5510552662037,0.219566666666667,1.61767858604918,1.90381752645138,-0.4,9,-2.37249465992516,0.0932478142953235
19.375,-109.375,"19.375_-109.375",30.6309364316239,0.223,1.64871341441223,1.94240136762111,-0.4,9,-2.3187181175188,0.0983996415693178
19.375,-109.125,"19.375_-109.125",30.512640625,0.229366666666667,1.60275401916143,2.01395004396498,-0.4,9,-2.31730070742849,0.0985392131058455
19.375,-108.875,"19.375_-108.875",30.4057884615385,0.231516666666667,1.56124062190684,2.03811176974602,-0.4,9,-2.31370467380835,0.0988942013213124
19.375,-108.625,"19.375_-108.625",30.7281403356481,0.24145,1.68647834262454,2.14974268885844,-0.4,9,-2.16075348130914,0.115238258443667
19.375,-108.375,"19.375_-108.375",30.9661623931624,0.247,1.77895287855193,2.21211365540951,-0.4,9,-1.95773947163337,0.141177195541007
19.375,-108.125,"19.375_-108.125",30.9572106481481,0.249766666666667,1.77547501404401,2.24320548858512,-0.4,9,-1.93045603965695,0.14508202024008
19.375,-107.875,"19.375_-107.875",31.0230349893162,0.262583333333333,1.80104859098816,2.38723934227212,-0.4,9,-1.80663277896371,0.164206125266861
19.375,-107.625,"19.375_-107.625",30.8954918981481,0.271516666666667,1.75149651043861,2.48763224939336,-0.4,9,-1.91348321620983,0.147565487864914
19.375,-107.375,"19.375_-107.375",30.9253613782051,0.280816666666667,1.76310117571841,2.59214576091137,-0.4,9,-1.84792777352586,0.157563335163527
19.375,-107.125,"19.375_-107.125",30.9797378472222,0.3025,1.78422711165157,2.8358233209202,-0.4,9,-1.82736962924514,0.160836070358148
19.375,-106.875,"19.375_-106.875",30.9319551282051,0.313916666666667,1.76566292977448,2.96412395781955,-0.4,9,-1.86140877661628,0.155453476811987
19.375,-106.625,"19.375_-106.625",30.7560891203704,0.327216666666667,1.69733679382823,3.11358951730229,-0.4,9,-1.91144974118978,0.147865863898384
19.375,-106.375,"19.375_-106.375",30.6602462606838,0.34055,1.66010064830444,3.26342967718473,-0.4,9,-1.84687639959594,0.157729080261199
19.375,-106.125,"19.375_-106.125",30.9808816550926,0.369816666666667,1.78467149526504,3.59232882812671,-0.4,9,-1.37075175943517,0.253916004033715
19.375,-105.875,"19.375_-105.875",31.2881370192308,0.3902,1.90404403370376,3.821396972547,-0.4,9,-0.559955912721916,0.571234247456791
19.375,-105.625,"19.375_-105.625",31.5012372685185,0.402316666666667,1.9868361365227,3.95756421784017,-0.4,9,0.155072698245073,1.16774285087537
19.375,-105.375,"19.375_-105.375",31.7511284722222,0.40965,2.08392198367557,4.03997630577552,-0.4,9,1.17653621164922,3.24312123962908
19.375,-105.125,"19.375_-105.125",31.7696294559099,0.406933333333333,2.09110984642489,4.00944637319947,-0.4,9,1.78663208003502,5.96931440057452
19.625,-109.875,"19.625_-109.875",30.8652956114398,0.187733333333333,1.73976487670162,1.54607414473203,-0.4,9,-2.36757708894115,0.0937074963744964
19.625,-109.625,"19.625_-109.625",30.6447796474359,0.1978,1.65409167628982,1.65920346544328,-0.4,9,-2.41084659212914,0.0897392898278349
19.625,-109.375,"19.625_-109.375",30.7531952662722,0.205866666666667,1.6962124954436,1.74985676217216,-0.4,9,-2.32025462503267,0.0982485658748763
19.625,-109.125,"19.625_-109.125",30.6896549145299,0.21345,1.67152627685783,1.8350783531053,-0.4,9,-2.29389957985422,0.100872334164976
19.625,-108.875,"19.625_-108.875",30.6702450690335,0.22075,1.66398530996827,1.91711584064094,-0.4,9,-2.2629545433485,0.104042631730618
19.625,-108.625,"19.625_-108.625",30.7311004273504,0.2254,1.68762837514391,1.96937259639995,-0.4,9,-2.19855628415945,0.110963242167201
19.625,-108.375,"19.625_-108.375",30.824432199211,0.2319,1.72388893175042,2.04241967434264,-0.4,9,-2.10331914679004,0.122050651181586
19.625,-108.125,"19.625_-108.125",30.8624399038462,0.235383333333333,1.73865539870942,2.08156541611193,-0.4,9,-2.03736473149174,0.130371823343544
19.625,-107.875,"19.625_-107.875",31.0641462031558,0.246233333333333,1.81702080995362,2.20349784621627,-0.4,9,-1.77337352081048,0.169759335103327
19.625,-107.625,"19.625_-107.625",30.9658221153846,0.270583333333333,1.77882067639422,2.47714343820159,-0.4,9,-1.8360347391915,0.159448428840788
19.625,-107.375,"19.625_-107.375",30.9128875739645,0.296683333333333,1.75825494730392,2.77045555117148,-0.4,9,-1.91299531697448,0.147637502520127
19.625,-107.125,"19.625_-107.125",30.839702457265,0.330233333333333,1.72982161732492,3.14749085347569,-0.4,9,-2.03095354877945,0.131210346012388
19.625,-106.875,"19.625_-106.875",31.0182287968442,0.346733333333333,1.79918132531088,3.33291805133022,-0.4,9,-1.77859073063417,0.16887597138321
19.625,-106.625,"19.625_-106.625",30.8173798076923,0.36345,1.72114898974805,3.52078015178284,-0.4,9,-1.7444817237597,0.17473552677485
19.625,-106.375,"19.625_-106.375",30.8116777613412,0.3909,1.71893367367332,3.82926358094083,-0.4,9,-1.45338578529893,0.233777426447872
19.625,-106.125,"19.625_-106.125",30.9469810363248,0.406883333333333,1.77150068235407,4.00888447259991,-0.4,9,-1.01687131192861,0.361724895978893
19.625,-105.875,"19.625_-105.875",31.2031871301775,0.4231,1.87103994303534,4.19112756705694,-0.4,9,-0.138114235692759,0.870999186866898
19.625,-105.625,"19.625_-105.625",31.4395670405983,0.431416666666667,1.96287648435005,4.28459036678361,-0.4,9,0.840182020824824,2.31678864218358
19.625,-105.375,"19.625_-105.375",31.5583382505176,0.432383333333333,2.00902057970628,4.29545377837509,-0.4,9,1.75041502519037,5.75699147674878
19.625,-105.125,"19.625_-105.125",31.7249230769231,0.432466666666667,2.07374086099144,4.29639027937436,-0.4,9,3.11151186193193,22.4549675613559
19.875,-109.875,"19.875_-109.875",31.0866466346154,0.159016666666667,1.82576250800933,1.22335590038521,-0.4,9,-2.24550532620222,0.105874025934121
19.875,-109.625,"19.875_-109.625",30.9097384259259,0.168733333333333,1.75703146404159,1.33255191689955,-0.4,9,-2.37232354617134,0.0932637716440848
19.875,-109.375,"19.875_-109.375",30.6936605235043,0.18065,1.6730825058682,1.46647155979448,-0.4,9,-2.43570413566956,0.0875360880604818
19.875,-109.125,"19.875_-109.125",30.7696987847222,0.1923,1.70262431805271,1.59739439949177,-0.4,9,-2.33355910848109,0.0969500764753912
19.875,-108.875,"19.875_-108.875",30.7466436965812,0.201483333333333,1.69366712896329,1.70059680961081,-0.4,9,-2.27644267245047,0.102648713091866
19.875,-108.625,"19.875_-108.625",30.6713668981481,0.20645,1.66442115456119,1.75641226916702,-0.4,9,-2.27015083211913,0.10329659846318
19.875,-108.375,"19.875_-108.375",30.5119636752137,0.213716666666667,1.6024910157323,1.83807515630295,-0.4,9,-2.26804195748347,0.103514667899361
19.875,-108.125,"19.875_-108.125",30.9059725115741,0.21585,1.7555683593795,1.86204958188415,-0.4,9,-2.03943575963155,0.130102099028492
19.875,-107.875,"19.875_-107.875",30.9837313034188,0.231966666666667,1.78577861915631,2.04316887514205,-0.4,9,-1.88936227496828,0.151168181836924
19.875,-107.625,"19.875_-107.625",30.7773842592593,0.259466666666667,1.7056102206981,2.3522142048996,-0.4,9,-1.97346149506886,0.138974961514179
19.875,-107.375,"19.875_-107.375",30.6582943376068,0.292966666666667,1.6593423018613,2.72868760660425,-0.4,9,-2.06331418878422,0.127032262572128
19.875,-107.125,"19.875_-107.125",30.8201886574074,0.3357,1.72224026287041,3.20892531902749,-0.4,9,-2.04310834885694,0.129625163791078
19.875,-106.875,"19.875_-106.875",31.1475726495726,0.363966666666667,1.84943302417039,3.52658645797828,-0.4,9,-1.47787567041508,0.228121779862764
19.875,-106.625,"19.875_-106.625",31.0339780092593,0.390766666666667,1.80530009062413,3.827765179342,-0.4,9,-1.31622844581345,0.268144719572407
19.875,-106.375,"19.875_-106.375",30.8685494123932,0.40795,1.74102901892567,4.02087168539051,-0.4,9,-1.25705767840911,0.284489856904207
19.875,-106.125,"19.875_-106.125",30.8846403356481,0.41895,1.74728054315913,4.14448981729353,-0.4,9,-0.913609538928677,0.401073916223145
19.875,-105.875,"19.875_-105.875",30.9764970619658,0.421133333333333,1.782968026188,4.16902614347428,-0.4,9,-0.443332538494391,0.641893717222679
19.875,-105.625,"19.875_-105.625",31.2629340277778,0.428483333333333,1.89425235740729,4.25162553160947,-0.4,9,0.685353352292701,1.98447292972277
19.875,-105.375,"19.875_-105.375",31.3842454672245,0.432183333333333,1.94138336359504,4.29320617597685,-0.4,9,1.7542372829336,5.77903828945745
20.125,-109.875,"20.125_-109.875",31.210290433925,0.122666666666667,1.87379966507314,0.814854164505691,-0.4,9,-2.02879738769275,0.131493561874419
20.125,-109.625,"20.125_-109.625",31.2560918803419,0.13365,1.89159409785148,0.938284996208857,-0.4,9,-1.98887885522007,0.136848766751042
20.125,-109.375,"20.125_-109.375",31.0359075443787,0.149533333333333,1.80604973906675,1.11678208666882,-0.4,9,-2.23948578928537,0.106513260559769
20.125,-109.125,"20.125_-109.125",30.6876949786325,0.165166666666667,1.67076481733406,1.29246967413099,-0.4,9,-2.41919929594678,0.0889928458715381
20.125,-108.875,"20.125_-108.875",30.6444874260355,0.1749,1.65397814463367,1.40185299084518,-0.4,9,-2.38578719063931,0.0920165165214352
20.125,-108.625,"20.125_-108.625",30.8240205662393,0.1855,1.72372900721053,1.52097591795172,-0.4,9,-2.24744107539332,0.10566927860773
20.125,-108.375,"20.125_-108.375",30.5782167159763,0.19375,1.62823114781203,1.61368951687899,-0.4,9,-2.28392195208857,0.101883838582895
20.125,-108.125,"20.125_-108.125",30.768140224359,0.194033333333333,1.7020187979265,1.61687362027649,-0.4,9,-2.17504228280565,0.113603350100837
20.125,-107.875,"20.125_-107.875",30.8547517258383,0.21165,1.73566844573191,1.81484993152117,-0.4,9,-2.0195509896421,0.132715042132331
20.125,-107.625,"20.125_-107.625",30.962110042735,0.239466666666667,1.77737848990452,2.12745396507593,-0.4,9,-1.82393370740409,0.161389640993237
20.125,-107.375,"20.125_-107.375",30.7781464497041,0.274966666666667,1.70590634118548,2.52640339076295,-0.4,9,-1.9226753262324,0.146215264871313
20.125,-107.125,"20.125_-107.125",30.9473944978632,0.320983333333333,1.77166131731493,3.04353924255724,-0.4,9,-1.90028430948061,0.149526101490572
20.125,-106.875,"20.125_-106.875",31.2635044378698,0.357616666666667,1.89447396883735,3.45522508183427,-0.4,9,-1.34027322771835,0.261774134858684
20.125,-106.625,"20.125_-106.625",31.2760296474359,0.37625,1.89934016886146,3.66462670526999,-0.4,9,-1.01219192470976,0.363421513302735
20.125,-106.375,"20.125_-106.375",30.8013915187377,0.387016666666667,1.71493734021946,3.78562263437506,-0.4,9,-1.38521079420635,0.250271038546066
20.125,-106.125,"20.125_-106.125",30.9158685897436,0.391883333333333,1.75941310908792,3.84031429273216,-0.4,9,-0.962593563117241,0.381901115773435
20.125,-105.875,"20.125_-105.875",31.0764277613412,0.397533333333333,1.8217923483796,3.90380906048234,-0.4,9,-0.172935112293052,0.841192196106485
20.125,-105.625,"20.125_-105.625",31.2396391524352,0.403533333333333,1.88520200800148,3.97123713242945,-0.4,9,0.799300398554885,2.22398448135255
20.375,-109.875,"20.375_-109.875",31.1937694978632,0.0788666666666667,1.86738107550477,0.322629239291851,-0.4,9,-1.8228995536877,0.161556629021019
20.375,-109.625,"20.375_-109.625",31.2531704282407,0.0877833333333333,1.89045907729873,0.422834846213238,-0.4,9,-1.76894313042767,0.170513103740685
20.375,-109.375,"20.375_-109.375",31.3691527777778,0.1096,1.93551966563754,0.668010807820892,-0.4,9,-1.66302097725151,0.189565441327992
20.375,-109.125,"20.375_-109.125",30.8160836226852,0.132583333333333,1.72064540571781,0.926297783418261,-0.4,9,-2.3038111640291,0.0998774680282948
20.375,-108.875,"20.375_-108.875",30.6210341880342,0.151133333333333,1.6448662693612,1.13476290585472,-0.4,9,-2.38359639774258,0.0922183266335751
20.375,-108.625,"20.375_-108.625",30.8297210648148,0.16745,1.72594372195516,1.31812980151086,-0.4,9,-2.26810076391625,0.103508580749985
20.375,-108.375,"20.375_-108.375",30.7992580128205,0.17595,1.71410844657974,1.41365290343592,-0.4,9,-2.23429696095289,0.107067375945506
20.375,-108.125,"20.375_-108.125",30.9924508101852,0.175383333333333,1.78916625621044,1.40728469664092,-0.4,9,-2.07997861478966,0.124932883886016
20.375,-107.875,"20.375_-107.875",31.1765109508547,0.190433333333333,1.8606759148904,1.57641677710823,-0.4,9,-1.79644324377261,0.165887862870372
20.375,-107.625,"20.375_-107.625",31.1390107060185,0.216716666666667,1.846106602388,1.8717891922765,-0.4,9,-1.67722030237604,0.186892760035053
20.375,-107.375,"20.375_-107.375",31.1524786324786,0.252416666666667,1.85133905967498,2.27298622036176,-0.4,9,-1.51261414321691,0.220333241802843
20.375,-107.125,"20.375_-107.125",31.0336018518519,0.30695,1.80515394878312,2.88583247428097,-0.4,9,-1.73467262997323,0.176457957878167
20.375,-106.875,"20.375_-106.875",31.2387430555556,0.338133333333333,1.88485386319526,3.23627114820604,-0.4,9,-1.47259234820079,0.229330210182296
20.375,-106.625,"20.375_-106.625",31.2073229166667,0.35505,1.87264674763266,3.4263808510569,-0.4,9,-1.29088598491493,0.275027005336067
20.375,-106.375,"20.375_-106.375",30.9711314102564,0.357216666666667,1.7808834036242,3.45072987703779,-0.4,9,-1.39484631944607,0.247871126412314
20.375,-106.125,"20.375_-106.125",30.9917534722222,0.3634,1.78889533172057,3.52021825118328,-0.4,9,-1.00843584211079,0.36478912134145
20.375,-105.875,"20.375_-105.875",31.0746012286325,0.366616666666667,1.8210827176573,3.55636718975492,-0.4,9,-0.222184216558272,0.800767836051768
20.375,-105.625,"20.375_-105.625",31.2126861111111,0.366433333333333,1.8747304155184,3.55430688755654,-0.4,9,0.704618797727878,2.02307533699676
20.625,-109.875,"20.625_-109.875",31.2671489151874,0.0432833333333333,1.89588989369809,-0.0772566873944306,-0.4,9,-1.55511399008082,0.211165310518193
20.625,-109.625,"20.625_-109.625",31.2520427350427,0.0552666666666667,1.89002095443632,0.0574121562999191,-0.4,9,-1.61110319523221,0.199667220603185
20.625,-109.375,"20.625_-109.375",31.4105044378698,0.0778333333333333,1.95158530096888,0.311016626900961,-0.4,9,-1.40886801935324,0.244419805104223
20.625,-109.125,"20.625_-109.125",31.2567483974359,0.103866666666667,1.89184916292499,0.60357953907144,-0.4,9,-1.77114470558937,0.170138119256468
20.625,-108.875,"20.625_-108.875",30.9246994575937,0.1266,1.76284401131103,0.859057011671013,-0.4,9,-2.18195413913025,0.112820847455132
20.625,-108.625,"20.625_-108.625",30.9197286324786,0.14645,1.76091278380005,1.08213154969601,-0.4,9,-2.19751669889165,0.11107865790088
20.625,-108.375,"20.625_-108.375",31.0246282051282,0.15535,1.80166757518812,1.18214985641754,-0.4,9,-2.07401210093361,0.125680525858934
20.625,-108.125,"20.625_-108.125",31.0314679487179,0.156983333333333,1.80432490081974,1.20050527600314,-0.4,9,-2.02534432627794,0.131948402062829
20.625,-107.875,"20.625_-107.875",31.0045941814596,0.170816666666667,1.7938841072992,1.35596444188118,-0.4,9,-2.00160409489388,0.135118366623739
20.625,-107.625,"20.625_-107.625",31.1200897435897,0.19845,1.83875557266339,1.66650817323755,-0.4,9,-1.73473204969926,0.176447473106158
20.625,-107.375,"20.625_-107.375",31.2168858481262,0.236633333333333,1.87636206569211,2.09561293110091,-0.4,9,-1.40636043009206,0.245033478681796
20.625,-107.125,"20.625_-107.125",31.1402131410256,0.291683333333333,1.84657376337479,2.71426549121556,-0.4,9,-1.49004764487007,0.225361917944346
20.625,-106.875,"20.625_-106.875",31.1483444280079,0.328216666666667,1.84973286971152,3.12482752929347,-0.4,9,-1.55404364927593,0.211391450368383
20.625,-106.625,"20.625_-106.625",31.3420504807692,0.33935,1.92499008546079,3.24994406279531,-0.4,9,-1.12240760049881,0.325495188115264
20.625,-106.375,"20.625_-106.375",31.3604063116371,0.345283333333333,1.93212155453048,3.316622933943,-0.4,9,-0.91061626382911,0.402276239333872
20.625,-106.125,"20.625_-106.125",31.2585771901709,0.3492,1.89255967169568,3.36063848090847,-0.4,9,-0.786923391643717,0.455243248114722
20.625,-105.875,"20.625_-105.875",31.3117963510848,0.353833333333333,1.91323597900666,3.41270793646762,-0.4,9,-0.245880676740363,0.782015532000879
20.625,-105.625,"20.625_-105.625",31.4264505876068,0.35755,1.95778057888623,3.45447588103485,-0.4,9,0.69448015953972,2.00266773558227
20.625,-105.375,"20.625_-105.375",31.4526252252252,0.3653,1.96794975182804,3.54157047396653,-0.4,9,1.60939402166467,4.99978055096876
20.875,-109.875,"20.875_-109.875",31.2551140491453,0.0307333333333333,1.89121419824443,-0.218293737883784,-0.4,9,-1.52621729812797,0.217356308331742
20.875,-109.625,"20.875_-109.625",31.244208912037,0.0394166666666667,1.88697741656191,-0.12071033376034,-0.4,9,-1.54831869357095,0.212605127868251
20.875,-109.375,"20.875_-109.375",31.2695381944444,0.0629166666666667,1.89681815846819,0.143382948032473,-0.4,9,-1.56157347043711,0.20980568829699
20.875,-109.125,"20.875_-109.125",31.296931712963,0.0888,1.9074608818312,0.434260158404274,-0.4,9,-1.61038214261319,0.19981124309319
20.875,-108.875,"20.875_-108.875",31.239609775641,0.11355,1.88519059475082,0.712400955186067,-0.4,9,-1.78061832917957,0.168533905612501
20.875,-108.625,"20.875_-108.625",31.2369878472222,0.132783333333333,1.88417194288176,0.928545385816498,-0.4,9,-1.83205041610229,0.160084990188285
20.875,-108.375,"20.875_-108.375",31.0360165598291,0.144416666666667,1.80609209292793,1.05928092531393,-0.4,9,-2.0273946634363,0.131678140509426
20.875,-108.125,"20.875_-108.125",31.130515625,0.148666666666667,1.84280615753403,1.10704247627646,-0.4,9,-1.88208845438771,0.152271760821143
20.875,-107.875,"20.875_-107.875",31.1685750534188,0.163033333333333,1.85759271982766,1.2684952485498,-0.4,9,-1.82021830514279,0.161990383739748
20.875,-107.625,"20.875_-107.625",31.1578483796296,0.18935,1.85342527336888,1.56424226411778,-0.4,9,-1.69840509834372,0.182975118778466
20.875,-107.375,"20.875_-107.375",31.1120755876068,0.231283333333333,1.83564197317976,2.03548956694808,-0.4,9,-1.51709810489617,0.219347487683403
20.875,-107.125,"20.875_-107.125",31.1700978009259,0.285366666666667,1.85818432621291,2.64327871547126,-0.4,9,-1.36572985879525,0.255194352158884
20.875,-106.875,"20.875_-106.875",30.992077457265,0.319616666666667,1.78902120394766,3.02818062616929,-0.4,9,-1.66329723430361,0.18951307977095
20.875,-106.625,"20.875_-106.625",31.2485491898148,0.337416666666667,1.88866366857354,3.22821723961236,-0.4,9,-1.24782188633815,0.287129516981151
20.875,-106.375,"20.875_-106.375",31.6012361111111,0.343216666666667,2.02568693320348,3.29339770916122,-0.4,9,-0.450895443695803,0.637057447068168
20.875,-106.125,"20.875_-106.125",31.687,0.348733333333333,2.05900727295332,3.35539407531259,-0.4,9,-0.0223131075213053,0.977933988622504
20.875,-105.875,"20.875_-105.875",31.6145440705128,0.363233333333333,2.03085724129453,3.51834524918475,-0.4,9,0.0983793946029147,1.10338132262681
20.875,-105.625,"20.875_-105.625",31.6058043859649,0.383283333333333,2.02746176492079,3.74366738960798,-0.4,9,0.74445654127996,2.10529698202427
20.875,-105.375,"20.875_-105.375",31.5555938697318,0.404383333333333,2.00795435356647,3.98078944262195,-0.4,9,1.7260146536138,5.61821868452268
21.125,-109.875,"21.125_-109.875",31.3731235207101,0.04585,1.93706234875601,-0.0484124566170595,-0.4,9,-1.34535526875193,0.260447162683315
21.125,-109.625,"21.125_-109.625",31.3328656517094,0.0539166666666667,1.92142166489611,0.0422408401118212,-0.4,9,-1.41704649676457,0.24242897532428
21.125,-109.375,"21.125_-109.375",31.4252460552268,0.0736,1.95731260304393,0.263442376138284,-0.4,9,-1.30761648649774,0.270463943183866
21.125,-109.125,"21.125_-109.125",31.3565478098291,0.0948,1.9306224784877,0.501688230351376,-0.4,9,-1.52865573731109,0.216826943866636
21.125,-108.875,"21.125_-108.875",31.2983821499014,0.11565,1.90802439465927,0.736000780367553,-0.4,9,-1.69786212833308,0.183074495757574
21.125,-108.625,"21.125_-108.625",31.191921474359,0.136466666666667,1.86666309534056,0.969938729984024,-0.4,9,-1.87979464045683,0.152621444809071
21.125,-108.375,"21.125_-108.375",31.1234792899408,0.14855,1.84007245366633,1.10573137487749,-0.4,9,-1.93684339191376,0.144158283527135
21.125,-108.125,"21.125_-108.125",31.2745977564103,0.156966666666667,1.89878386135166,1.20031797580329,-0.4,9,-1.70796430490269,0.181234355237706
21.125,-107.875,"21.125_-107.875",31.3554003944773,0.1712,1.93017669332276,1.3602723464778,-0.4,9,-1.52755486516709,0.217065774045832
21.125,-107.625,"21.125_-107.625",31.2603234508547,0.199016666666667,1.8932381157358,1.67287638003256,-0.4,9,-1.46151723530575,0.231884184823624
21.125,-107.375,"21.125_-107.375",31.1193483727811,0.241366666666667,1.83846754086415,2.14880618785918,-0.4,9,-1.44105787696783,0.236677250789799
21.125,-107.125,"21.125_-107.125",31.093249465812,0.287983333333333,1.82832779022346,2.67268484684819,-0.4,9,-1.40893938002566,0.244402363764898
21.125,-106.875,"21.125_-106.875",31.0451932938856,0.318266666666667,1.80965736848294,3.01300930998119,-0.4,9,-1.55743280525177,0.210676224461817
21.125,-106.625,"21.125_-106.625",31.4244075854701,0.3421,1.95698684709318,3.28084859577107,-0.4,9,-0.882816417305673,0.413616353439549
21.125,-106.375,"21.125_-106.375",31.8658101577909,0.351766666666667,2.12847724785189,3.38948271168584,-0.4,9,0.238174189089598,1.26893020737278
21.125,-106.125,"21.125_-106.125",31.9541164529915,0.362466666666667,2.16278534414102,3.50972943999151,-0.4,9,0.760515224698841,2.13937819707696
21.125,-105.875,"21.125_-105.875",31.7851010848126,0.385916666666667,2.09712076708391,3.77326082118476,-0.4,9,0.778948955830782,2.1791806463007
21.125,-105.625,"21.125_-105.625",31.715047275641,0.42545,2.06990398910651,4.21753689523622,-0.4,9,1.42750183679394,4.16827314775502
21.125,-105.375,"21.125_-105.375",31.5822366255144,0.4602,2.01830539624946,4.60805781192985,-0.4,9,2.50631978135136,12.2597284543461
21.375,-109.875,"21.375_-109.875",31.3222224893162,0.0801666666666667,1.91728666365553,0.33723865488039,-0.4,9,-1.54718949303889,0.212845337288537
21.375,-109.625,"21.375_-109.625",31.4569334490741,0.0875166666666667,1.96962355048878,0.419838043015589,-0.4,9,-1.32211977663251,0.266569634551124
21.375,-109.375,"21.375_-109.375",31.389702724359,0.1073,1.94350357600818,0.64216338024117,-0.4,9,-1.53817453308969,0.214772804445505
21.375,-109.125,"21.375_-109.125",31.308390625,0.123066666666667,1.91191281197551,0.819349369302164,-0.4,9,-1.72276479419221,0.178571750634021
21.375,-108.875,"21.375_-108.875",31.3653872863248,0.143866666666667,1.93405672527693,1.05310001871878,-0.4,9,-1.67003329579721,0.188240797906969
21.375,-108.625,"21.375_-108.625",31.1444560185185,0.161833333333333,1.84822217416179,1.25500963416038,-0.4,9,-1.94407708964084,0.143119248642128
21.375,-108.375,"21.375_-108.375",31.1859594017094,0.173083333333333,1.86434675580803,1.3814372690612,-0.4,9,-1.85435481828662,0.156553915822085
21.375,-108.125,"21.375_-108.125",31.3888043981481,0.1837,1.943154565079,1.50074749636759,-0.4,9,-1.47077578587119,0.229747181415606
21.375,-107.875,"21.375_-107.875",31.3821458333333,0.200283333333333,1.94056762965956,1.68711119522139,-0.4,9,-1.32221573593661,0.26654405594177
21.375,-107.625,"21.375_-107.625",31.2057876157407,0.226916666666667,1.87205026408775,1.98641691458658,-0.4,9,-1.40008447204572,0.246576134271369
21.375,-107.375,"21.375_-107.375",30.993733974359,0.264183333333333,1.78966478148465,2.40522016145802,-0.4,9,-1.5339034126005,0.215692086756352
21.375,-107.125,"21.375_-107.125",31.0131186342593,0.299483333333333,1.79719596345623,2.8019219847468,-0.4,9,-1.53386566666132,0.215700228410395
21.375,-106.875,"21.375_-106.875",31.2395595619658,0.33175,1.88517108611216,3.16453517166232,-0.4,9,-1.2996041673989,0.27263969135596
21.375,-106.625,"21.375_-106.625",31.4969722222222,0.35235,1.98517911287927,3.3960382186807,-0.4,9,-0.610013536226027,0.543343514204103
21.375,-106.375,"21.375_-106.375",31.5916973824786,0.369166666666667,2.02198101824401,3.58502412033244,-0.4,9,-0.136281864833942,0.872596643514504
21.375,-106.125,"21.375_-106.125",31.4207638888889,0.386533333333333,1.95557122555825,3.78019092857932,-0.4,9,-0.185421750674104,0.830753838965538
21.375,-105.875,"21.375_-105.875",31.2801458333333,0.413283333333333,1.90093935838462,4.08080774934349,-0.4,9,-0.0455554787265123,0.955466593031711
21.375,-105.625,"21.375_-105.625",31.456978587963,0.4542,1.9696410875097,4.54062973998275,-0.4,9,1.60038564938107,4.95494292665234
21.375,-105.375,"21.375_-105.375",31.853860042735,0.494633333333333,2.12383447921266,4.99502002482627,-0.4,9,5.53423077916721,253.212936039209
21.625,-109.875,"21.625_-109.875",31.335275147929,0.131083333333333,1.92235778420813,0.909440765431486,-0.4,9,-1.73732425543659,0.175990677264223
21.625,-109.625,"21.625_-109.625",31.3449348290598,0.144016666666667,1.9261106907207,1.05478572051746,-0.4,9,-1.72882941133032,0.177492058603357
21.625,-109.375,"21.625_-109.375",31.2744075443787,0.157,1.89870996160669,1.20069257620299,-0.4,9,-1.82235149676923,0.161645195516803
21.625,-109.125,"21.625_-109.125",31.2207542735043,0.17275,1.87786499716552,1.37769126506413,-0.4,9,-1.85845267705979,0.155913692652634
21.625,-108.875,"21.625_-108.875",31.2944802761341,0.192066666666667,1.90650846806976,1.59477219669383,-0.4,9,-1.66196574629559,0.189765582228721
21.625,-108.625,"21.625_-108.625",31.1908346688034,0.205216666666667,1.86624085783685,1.74255205437789,-0.4,9,-1.70522926871825,0.181730716230365
21.625,-108.375,"21.625_-108.375",31.3278584812623,0.217866666666667,1.91947631677066,1.88471290606637,-0.4,9,-1.42161054082402,0.241325039920814
21.625,-108.125,"21.625_-108.125",31.3210032051282,0.226816666666667,1.91681295655195,1.98529311338746,-0.4,9,-1.34113298119539,0.261549170356902
21.625,-107.875,"21.625_-107.875",31.2664930966469,0.2403,1.89563510002135,2.13681897506858,-0.4,9,-1.31749500603185,0.267805313122549
21.625,-107.625,"21.625_-107.625",31.1966140491453,0.260316666666667,1.86848621913086,2.36176651509211,-0.4,9,-1.34172604132928,0.261394101957898
21.625,-107.375,"21.625_-107.375",30.9533984220907,0.294433333333333,1.7739939167071,2.74517002419132,-0.4,9,-1.62029353274722,0.19784061785959
21.625,-107.125,"21.625_-107.125",31.055764957265,0.3241,1.81376459146553,3.07856437992976,-0.4,9,-1.59987337928266,0.201922083895145
21.625,-106.875,"21.625_-106.875",31.1643769723866,0.35015,1.85596171302394,3.3713145923001,-0.4,9,-1.27142274874389,0.28043235303815
21.625,-106.625,"21.625_-106.625",31.2919439102564,0.3699,1.90552305831433,3.59326532912597,-0.4,9,-0.74833057349635,0.473155792589259
21.625,-106.375,"21.625_-106.375",31.2934625246548,0.388666666666667,1.90611305893533,3.80416535416052,-0.4,9,-0.494977341174506,0.609584719613609
21.625,-106.125,"21.625_-106.125",31.1474618055556,0.403666666666667,1.84938995988825,3.97273553402827,-0.4,9,-0.547835700657423,0.578199854722914
21.625,-105.875,"21.625_-105.875",31.0932211538462,0.428433333333333,1.82831679067188,4.25106363100992,-0.4,9,-0.127418921485224,0.880364791610426
21.625,-105.625,"21.625_-105.625",31.4627721688034,0.465216666666667,1.97189196587439,4.66443517208562,-0.4,9,2.84131768945166,17.1383336664788
21.625,-105.375,"21.625_-105.375",31.9226803921569,0.503516666666667,2.15057204270407,5.09485103134795,-0.4,9,7.70147604559167,2211.61002106515
21.875,-109.875,"21.875_-109.875",31.2697881944444,0.206066666666667,1.89691528658406,1.7521043645704,-0.4,9,-1.67713377886288,0.186908931352826
21.875,-109.625,"21.875_-109.625",31.2928434606481,0.210316666666667,1.90587254485304,1.79986591553293,-0.4,9,-1.59738145982612,0.202425884919793
21.875,-109.375,"21.875_-109.375",31.2771800213675,0.216716666666667,1.89978710347156,1.8717891922765,-0.4,9,-1.55099516931324,0.212036856222698
21.875,-109.125,"21.875_-109.125",31.2104389467593,0.232733333333333,1.87385736416021,2.05178468433529,-0.4,9,-1.56380428887201,0.209338171566145
21.875,-108.875,"21.875_-108.875",31.373719284188,0.245483333333333,1.93729381029249,2.19506933722288,-0.4,9,-1.26523540968065,0.282172862097867
21.875,-108.625,"21.875_-108.625",31.4535787037037,0.255533333333333,1.96832019010059,2.30801135773428,-0.4,9,-1.06768144621367,0.343804723782473
21.875,-108.375,"21.875_-108.375",31.4399254807692,0.26345,1.96301574282388,2.39697895266448,-0.4,9,-1.06442481877092,0.344926192793112
21.875,-108.125,"21.875_-108.125",31.376076099537,0.270616666666667,1.93820946242969,2.4775180386013,-0.4,9,-1.17496980603551,0.3088283042981
21.875,-107.875,"21.875_-107.875",31.3635048076923,0.279833333333333,1.93332535886597,2.58109504912004,-0.4,9,-1.15081866221159,0.316377656898432
21.875,-107.625,"21.875_-107.625",31.2112502893519,0.299083333333333,1.87417258086959,2.79742677995032,-0.4,9,-1.45108923193139,0.23431492574551
21.875,-107.375,"21.875_-107.375",31.0986810897436,0.3239,1.83043804381783,3.07631677753153,-0.4,9,-1.63516236186143,0.194920721038756
21.875,-107.125,"21.875_-107.125",31.3011458333333,0.34835,1.90909812011769,3.35108617071597,-0.4,9,-1.2668615673758,0.281714377412037
21.875,-106.875,"21.875_-106.875",31.3757727029915,0.368383333333333,1.93809158909036,3.57622101093934,-0.4,9,-0.81884125864728,0.440942296671083
21.875,-106.625,"21.875_-106.625",31.0260778356481,0.387683333333333,1.80223077471256,3.79311464236919,-0.4,9,-1.12850801049423,0.323515578371021
21.875,-106.375,"21.875_-106.375",31.2088784722222,0.397816666666667,1.87325110035363,3.90699316387985,-0.4,9,-0.678984240837875,0.507131854661052
21.875,-106.125,"21.875_-106.125",31.2259973958333,0.4148,1.87990201553791,4.09785206753011,-0.4,9,-0.279513629362355,0.756151421883213
21.875,-105.875,"21.875_-105.875",31.2696602564103,0.435083333333333,1.89686558106322,4.32579641075129,-0.4,9,0.663225386825123,1.9410428628741
21.875,-105.625,"21.875_-105.625",31.3350295095594,0.464816666666667,1.92226235064005,4.65993996728914,-0.4,9,3.3582199146245,28.7379892467449
22.125,-109.875,"22.125_-109.875",31.2257798323471,0.280066666666667,1.87981748941192,2.58371725191798,-0.4,9,-1.55197466750886,0.211829268187272
22.125,-109.625,"22.125_-109.625",31.232015224359,0.276916666666667,1.8822400169232,2.54831751414575,-0.4,9,-1.50059124688557,0.222998274128606
22.125,-109.375,"22.125_-109.375",31.2910569526627,0.279216666666667,1.9051784642346,2.57416494172548,-0.4,9,-1.37916329136355,0.25178913909514
22.125,-109.125,"22.125_-109.125",31.2437884615385,0.288433333333333,1.88681406630294,2.67774195224422,-0.4,9,-1.47719154855595,0.228277896354176
22.125,-108.875,"22.125_-108.875",31.374241617357,0.291966666666667,1.93749674323872,2.71744959461307,-0.4,9,-1.27530878705296,0.279344696876647
22.125,-108.625,"22.125_-108.625",31.5579388354701,0.299966666666667,2.00886540198222,2.80735369054254,-0.4,9,-0.950241774580149,0.386647530608481
22.125,-108.375,"22.125_-108.375",31.7438725345168,0.3066,2.08110296144277,2.88189917008405,-0.4,9,-0.579212490584172,0.56033946546295
22.125,-108.125,"22.125_-108.125",31.7685750534188,0.31335,2.09070019791555,2.95775575102454,-0.4,9,-0.536401807200241,0.584848869886769
22.125,-107.875,"22.125_-107.875",31.6644746055227,0.3189,2.05025587645408,3.02012671757561,-0.4,9,-0.741372147362271,0.476459693867255
22.125,-107.625,"22.125_-107.625",31.5361231303419,0.336833333333333,2.00038972864032,3.2216617326175,-0.4,9,-1.00694892391273,0.365331936385201
22.125,-107.375,"22.125_-107.375",31.5077559171598,0.349733333333333,1.98936871276487,3.36663208730377,-0.4,9,-0.937182833877122,0.391729850413848
22.125,-107.125,"22.125_-107.125",31.4660253739316,0.364316666666667,1.97315587661296,3.5305197621752,-0.4,9,-0.827354060732616,0.437204573987215
22.125,-106.875,"22.125_-106.875",31.4649068047337,0.379833333333333,1.97272129853831,3.70489624823839,-0.4,9,-0.59475987737257,0.551695024422849
22.125,-106.625,"22.125_-106.625",31.2007761752137,0.393816666666667,1.870103256983,3.86204111591511,-0.4,9,-0.907846110889926,0.403392150949947
22.125,-106.375,"22.125_-106.375",31.3966698717949,0.407616666666667,1.94621039962193,4.01712568139344,-0.4,9,-0.144758590852527,0.865231142613142
22.125,-106.125,"22.125_-106.125",31.4605368589744,0.418616666666667,1.97102352014606,4.14074381329646,-0.4,9,0.32194819191928,1.37981328862722
22.125,-105.875,"22.125_-105.875",31.4652561637081,0.442116666666667,1.97285702885408,4.40483709508928,-0.4,9,1.62928093269605,5.10020600828605
22.125,-105.625,"22.125_-105.625",31.3727286947141,0.46545,1.93690895393568,4.66705737488356,-0.4,9,3.92904815392031,50.8585451159029
22.375,-109.875,"22.375_-109.875",31.2817069978632,0.3204,1.90154589026203,3.03698373556239,-0.4,9,-1.55412704487586,0.211373821986635
22.375,-109.625,"22.375_-109.625",31.4467447916667,0.313666666666667,1.96566513009987,2.96131445482175,-0.4,9,-1.20563973994184,0.299500335884883
22.375,-109.375,"22.375_-109.375",31.4658108974359,0.321366666666667,1.97307254982124,3.04784714715386,-0.4,9,-1.19481207534383,0.302760845064087
22.375,-109.125,"22.375_-109.125",31.5208159722222,0.327383333333333,1.99444270693037,3.11546251930082,-0.4,9,-1.11323897259262,0.328493255459942
22.375,-108.875,"22.375_-108.875",31.7748931623932,0.334866666666667,2.09315486199772,3.19956030903484,-0.4,9,-0.568076948388322,0.566614019669091
22.375,-108.625,"22.375_-108.625",32.1897242476852,0.344983333333333,2.25432190887253,3.31325153034565,-0.4,9,0.492782223252854,1.63686401165084
22.375,-108.375,"22.375_-108.375",32.2328632478632,0.353166666666667,2.27108194810377,3.4052159284735,-0.4,9,0.687744029038487,1.98922283849444
22.375,-108.125,"22.375_-108.125",32.1140248842593,0.358083333333333,2.22491176270407,3.46046948743015,-0.4,9,0.479343446021478,1.61501371035337
22.375,-107.875,"22.375_-107.875",32.0156519764957,0.361366666666667,2.18669266196918,3.49736762680121,-0.4,9,0.301212721112789,1.35149680286622
22.375,-107.625,"22.375_-107.625",31.9146168981481,0.367716666666667,2.14743927478249,3.56872900294522,-0.4,9,0.163168289207508,1.1772347889287
22.375,-107.375,"22.375_-107.375",31.9099775641026,0.36985,2.14563683568353,3.59270342852641,-0.4,9,0.235930215922033,1.26608595444305
22.375,-107.125,"22.375_-107.125",31.8702977430556,0.374483333333333,2.13022073065812,3.64477288408556,-0.4,9,0.238087730867166,1.26882050266516
22.375,-106.875,"22.375_-106.875",31.5986343482906,0.381733333333333,2.0246761159207,3.72624847102164,-0.4,9,-0.300715049701586,0.740288688177682
22.375,-106.625,"22.375_-106.625",31.2108344907407,0.403716666666667,1.87401103792687,3.97329743462783,-0.4,9,-0.753441127538369,0.470743872713864
22.375,-106.375,"22.375_-106.375",31.520749732906,0.4186,1.99441697213044,4.14055651309661,-0.4,9,0.408319272427764,1.50428736198671
22.375,-106.125,"22.375_-106.125",31.614502025463,0.437483333333333,2.03084090626863,4.35276763953013,-0.4,9,1.34512995924805,3.83868538085037
22.375,-105.875,"22.375_-105.875",31.2053603098291,0.452166666666667,1.87188425041534,4.51777911560067,-0.4,9,1.3146964657092,3.72362056717152
22.375,-105.625,"22.375_-105.625",31.1206819047619,0.467066666666667,1.83898563465916,4.68522549426931,-0.4,9,3.39034665580155,29.6762379275202
22.625,-109.875,"22.625_-109.875",31.2145004930966,0.323033333333333,1.87543532553329,3.06657716713917,-0.4,9,-1.44683521828373,0.235313827802576
22.625,-109.625,"22.625_-109.625",31.3908979700855,0.325333333333333,1.94396794386984,3.09242459471889,-0.4,9,-1.22062388736037,0.295046033999545
22.625,-109.375,"22.625_-109.375",31.6018594674556,0.3339,2.02592911491252,3.18869689744336,-0.4,9,-0.856281273669533,0.424738635864075
22.625,-109.125,"22.625_-109.125",31.728813034188,0.345366666666667,2.07525215787127,3.31755943494227,-0.4,9,-0.528510535328499,0.589482329221981
22.625,-108.875,"22.625_-108.875",32.0879142011834,0.363816666666667,2.21476743689914,3.5249007561796,-0.4,9,0.542267926684639,1.71990305641005
22.625,-108.625,"22.625_-108.625",32.2596434294872,0.382616666666667,2.28148638243892,3.73617538161386,-0.4,9,1.37949962022157,3.97291316463388
22.625,-108.375,"22.625_-108.375",32.1820569526627,0.39785,2.25134306919513,3.90736776427955,-0.4,9,1.53533490660302,4.64288020084093
22.625,-108.125,"22.625_-108.125",32.0591931089744,0.4038,2.20360893461116,3.97423393562709,-0.4,9,1.28942753291568,3.63070750017751
22.625,-107.875,"22.625_-107.875",32.0692413708087,0.401216666666667,2.2075128095701,3.94520240464987,-0.4,9,1.27271397829824,3.57052976485185
22.625,-107.625,"22.625_-107.625",32.1208071581197,0.398783333333333,2.22754676062957,3.91785657547132,-0.4,9,1.41606445964866,4.12087063268084
22.625,-107.375,"22.625_-107.375",32.2817391518738,0.390733333333333,2.2900708459757,3.8273905789423,-0.4,9,1.74147421903473,5.70574874891678
22.625,-107.125,"22.625_-107.125",32.0908346688034,0.389316666666667,2.21590207496869,3.81147006195479,-0.4,9,1.16265474024551,3.19841297107838
22.625,-106.875,"22.625_-106.875",31.944283530572,0.393383333333333,2.15896513122863,3.85717131071893,-0.4,9,0.902518842220581,2.46580627243177
22.625,-106.625,"22.625_-106.625",31.716297542735,0.4067,2.07038973345521,4.00682417040153,-0.4,9,0.5965430460076,1.8158306946372
22.625,-106.375,"22.625_-106.375",31.5685352564103,0.430866666666667,2.01298224358576,4.27840946018846,-0.4,9,0.879696584750956,2.41016831364584
22.625,-106.125,"22.625_-106.125",31.5155881410256,0.448083333333333,1.99241162935353,4.47189056663667,-0.4,9,1.71831314553505,5.5751161183622
22.625,-105.875,"22.625_-105.875",31.1277576666667,0.469066666666667,1.84173465634778,4.70770151825167,-0.4,9,2.19361861948214,8.96760482223884
22.875,-109.875,"22.875_-109.875",31.1545114942529,0.31925,1.85212885181081,3.02406002177252,-0.4,9,-1.20956149807963,0.298328068183032
22.875,-109.625,"22.875_-109.625",31.5764988405797,0.321833333333333,2.01607619528956,3.05309155274975,-0.4,9,-0.64404022156404,0.525166343630908
22.875,-109.375,"22.875_-109.375",31.7545814636752,0.332716666666667,2.08526351389135,3.1753985832538,-0.4,9,-0.416675989909047,0.659234483968913
22.875,-109.125,"22.875_-109.125",31.8658657407407,0.355483333333333,2.12849884252065,3.43125065625308,-0.4,9,-0.0740431667871273,0.928631606933186
22.875,-108.875,"22.875_-108.875",32.0817398504274,0.380416666666667,2.21236862467651,3.71145175523325,-0.4,9,0.902449177717882,2.46563449924736
22.875,-108.625,"22.875_-108.625",32.2201741898148,0.40525,2.26615209090213,3.99052905301431,-0.4,9,1.91352799026166,6.77695570640252
22.875,-108.375,"22.875_-108.375",32.2403084935897,0.428933333333333,2.27397451886218,4.25668263700551,-0.4,9,2.76749855660259,15.9187642768482
22.875,-108.125,"22.875_-108.125",32.0203185763889,0.4385,2.18850569418975,4.36419295172116,-0.4,9,2.29417765641163,9.91627807073768
22.875,-107.875,"22.875_-107.875",32.1235686431624,0.437366666666667,2.22861963198638,4.35145653813116,-0.4,9,2.70296161554376,14.9238650904084
22.875,-107.625,"22.875_-107.625",32.2431901041667,0.427583333333333,2.27509406048621,4.24151132081741,-0.4,9,2.77978775142859,16.1156000719097
22.875,-107.375,"22.875_-107.375",32.2334660790598,0.411566666666667,2.27131615553701,4.06151582875862,-0.4,9,2.22191946937974,9.22502102797923
22.875,-107.125,"22.875_-107.125",32.201234375,0.405033333333333,2.25879373679058,3.98809415041622,-0.4,9,1.95710590961985,7.07881067345777
22.875,-106.875,"22.875_-106.875",32.1166340811966,0.4114,2.22592546823389,4.05964282676009,-0.4,9,1.97822231918699,7.22987913721819
22.875,-106.625,"22.875_-106.625",31.7303460648148,0.4228,2.07584775937668,4.18775616345958,-0.4,9,1.1710198907431,3.22528039528622
22.875,-106.375,"22.875_-106.375",31.6523894230769,0.443666666666667,2.04556063245047,4.42225601367561,-0.4,9,2.00990075832077,7.46257671192458
22.875,-106.125,"22.875_-106.125",31.7055537000655,0.458633333333333,2.06621561667242,4.59045159314366,-0.4,9,3.8302655263283,46.0747706748096
23.125,-109.625,"23.125_-109.625",31.7624003724395,0.315616666666667,2.08830125739707,2.98322857820456,-0.4,9,0.0479053201417265,1.0490713246979
23.125,-109.375,"23.125_-109.375",31.8464301587302,0.32895,2.12094787667455,3.13306873808701,-0.4,9,-0.0213932497145244,0.978833962697086
23.125,-109.125,"23.125_-109.125",32.0036669337607,0.356866666666667,2.18203632349128,3.44679657284088,-0.4,9,0.368089117079234,1.44497080481388
23.125,-108.875,"23.125_-108.875",32.0359501972387,0.38945,2.19457877371428,3.81296846355361,-0.4,9,1.03716448281845,2.82120608383002
23.125,-108.625,"23.125_-108.625",32.0952091346154,0.422733333333333,2.21760160945771,4.18700696266017,-0.4,9,2.10561220770907,8.21212899964536
23.125,-108.375,"23.125_-108.375",32.2444997534517,0.447916666666667,2.27560287555622,4.47001756463814,-0.4,9,3.62619767361786,37.5696924544402
23.125,-108.125,"23.125_-108.125",32.0341241987179,0.458666666666667,2.19386935053069,4.59082619354337,-0.4,9,3.19904445492059,24.5090994549421
23.125,-107.875,"23.125_-107.875",32.1603885601578,0.45735,2.24292462864339,4.57602947775497,-0.4,9,3.74682953080252,42.3864837019641
23.125,-107.625,"23.125_-107.625",32.2259647435897,0.44585,2.26840179321414,4.44679233985636,-0.4,9,3.5128417036387,33.5434530282885
23.125,-107.375,"23.125_-107.375",32.212824704142,0.433966666666667,2.26329672411808,4.31324729736113,-0.4,9,3.03860210870302,20.8760403934677
23.125,-107.125,"23.125_-107.125",32.0141223290598,0.42695,2.18609837487561,4.23439391322299,-0.4,9,2.09751278172383,8.14588410358995
23.125,-106.875,"23.125_-106.875",31.897725591716,0.42815,2.14087679170913,4.24787952761241,-0.4,9,1.8407919864702,6.30152700938831
23.125,-106.625,"23.125_-106.625",31.6901217948718,0.435333333333333,2.06022012916944,4.32860591374908,-0.4,9,1.90076959745223,6.69104187007751
23.125,-106.375,"23.125_-106.375",31.5941644144144,0.444533333333333,2.02293949089887,4.43199562406797,-0.4,9,2.87788955037973,17.7767166980157
23.375,-109.375,"23.375_-109.375",31.9566322097378,0.3293,2.16376274699207,3.13700204228392,-0.4,9,0.429348883566672,1.5362569157039
23.375,-109.125,"23.375_-109.125",32.1131166087963,0.360516666666667,2.22455888636644,3.4878153166087,-0.4,9,0.78546567171613,2.19342812038455
23.375,-108.875,"23.375_-108.875",32.1323154380342,0.3957,2.23201787080958,3.88320603849851,-0.4,9,1.50303831163177,4.49532654532891
23.375,-108.625,"23.375_-108.625",32.1638958333333,0.428816666666667,2.24428724798492,4.25537153560654,-0.4,9,2.60730993794159,13.5625177213289
23.375,-108.375,"23.375_-108.375",32.3335443376068,0.455283333333333,2.31019780630588,4.55280425297319,-0.4,9,4.40589640119024,81.9325543744202
23.375,-108.125,"23.375_-108.125",32.1568900462963,0.4698,2.24156541240454,4.71594272704521,-0.4,9,4.30058601058897,73.7429952161456
23.375,-107.875,"23.375_-107.875",32.1923159722222,0.468566666666667,2.25532882615708,4.70208251225608,-0.4,9,4.42159489510597,83.2289209590061
23.375,-107.625,"23.375_-107.625",32.2938712384259,0.45955,2.29478431280923,4.60075310413558,-0.4,9,4.52692779649171,92.474025205189
23.375,-107.375,"23.375_-107.375",32.2509185363248,0.4505,2.2780966527028,4.49904909561537,-0.4,9,4.02195887416874,55.8103242217922
23.375,-107.125,"23.375_-107.125",32.050880787037,0.444566666666667,2.20037949393805,4.43237022446768,-0.4,9,3.07060795702975,21.5550032080448
23.375,-106.875,"23.375_-106.875",31.7989134615385,0.443816666666667,2.10248704759218,4.42394171547429,-0.4,9,2.42810566543126,11.3373849248457
23.375,-106.625,"23.375_-106.625",31.546414266118,0.447933333333333,2.00438796315269,4.47020486483799,-0.4,9,2.57196346587028,13.0915039434548
23.625,-109.625,"23.625_-109.625",31.6004939831528,0.3176,2.02539860724219,3.00551730198707,-0.4,9,-0.192244273248657,0.825105292722563
23.625,-109.375,"23.625_-109.375",31.83541043257,0.342533333333333,2.11666657571718,3.28571840096725,-0.4,9,0.133075325908291,1.14233604259015
23.625,-109.125,"23.625_-109.125",31.8689959935897,0.368033333333333,2.12971498476633,3.57228770674243,-0.4,9,0.29642822512033,1.34504601601663
23.625,-108.875,"23.625_-108.875",32.0865475838264,0.40155,2.21423648902314,3.94894840864693,-0.4,9,1.54408940567255,4.6837047296523
23.625,-108.625,"23.625_-108.625",32.259967948718,0.430366666666667,2.28161246220471,4.27279045419287,-0.4,9,3.06837724910674,21.5069738812247
23.625,-108.375,"23.625_-108.375",32.318334566075,0.455566666666667,2.30428862049906,4.5559883563707,-0.4,9,4.42566553892678,83.5684067459032
23.625,-108.125,"23.625_-108.125",32.237280715812,0.467616666666667,2.27279818945886,4.69140640086446,-0.4,9,4.65085826142069,104.674785365753
23.625,-107.875,"23.625_-107.875",32.3198897928994,0.469016666666667,2.3048928455039,4.70713961765211,-0.4,9,5.10513572949235,164.86644625214
23.625,-107.625,"23.625_-107.625",32.2689893162393,0.465733333333333,2.28511737592439,4.67024147828106,-0.4,9,4.79372330008226,120.750121661673
23.625,-107.375,"23.625_-107.375",32.1177815581854,0.455083333333333,2.22637127734561,4.55055665057496,-0.4,9,3.76127625514968,43.0032741212565
23.625,-107.125,"23.625_-107.125",32.06371875,0.45765,2.20536720255486,4.57940088135233,-0.4,9,4.06331138557464,58.1666045796153
23.625,-106.875,"23.625_-106.875",31.7900896118721,0.4539,2.09905887202094,4.53725833638539,-0.4,9,3.66762511783004,39.1587978130219
23.875,-109.625,"23.875_-109.625",31.6778968542045,0.32075,2.05547058735488,3.0409170397593,-0.4,9,-0.164907757783824,0.847971919289579
23.875,-109.375,"23.875_-109.375",31.7850405982906,0.3492,2.09709726731623,3.36063848090847,-0.4,9,-0.0981533968271107,0.906509837355227
23.875,-109.125,"23.875_-109.125",31.8641880787037,0.3765,2.12784704990975,3.66743620826778,-0.4,9,0.444990646393826,1.5604755996902
23.875,-108.875,"23.875_-108.875",32.1399540598291,0.402483333333333,2.23498557058069,3.9594372198387,-0.4,9,1.79794744440652,6.03724296149222
23.875,-108.625,"23.875_-108.625",32.0975752314815,0.432833333333333,2.21852086757999,4.30051088377112,-0.4,9,2.59714261442857,13.4253218552597
23.875,-108.375,"23.875_-108.375",32.210391292735,0.4556,2.2623513134577,4.5563629567704,-0.4,9,4.03291049560497,56.4248969060538
23.875,-108.125,"23.875_-108.125",32.1881600115741,0.469666666666667,2.25371418364754,4.71444432544638,-0.4,9,4.58872163479352,98.3685987557771
23.875,-107.875,"23.875_-107.875",32.1240705128205,0.474933333333333,2.22881461460361,4.77363118859995,-0.4,9,4.60694971607364,100.178111438885
23.875,-107.625,"23.875_-107.625",31.9118475115741,0.471066666666667,2.14636333358227,4.73017754223404,-0.4,9,3.61670723622563,37.2148262217536
23.875,-107.375,"23.875_-107.375",31.8259639423077,0.475683333333333,2.11299649651415,4.78205969759334,-0.4,9,3.71579171952717,41.0911068411102
23.875,-107.125,"23.875_-107.125",31.7210729537367,0.467,2.07224504014758,4.68447629346989,-0.4,9,3.8966715720586,49.2382899610474
23.875,-106.875,"23.875_-106.875",31.7523735294118,0.455583333333333,2.08440570391145,4.55617565657055,-0.4,9,4.72263368442876,112.464057805972
24.125,-109.875,"24.125_-109.875",31.6990714285714,0.309933333333333,2.06369717340532,2.91935921005466,-0.4,9,0.177519456765054,1.19425129394325
24.125,-109.625,"24.125_-109.625",31.7054722222222,0.332266666666667,2.06618396151482,3.17034147785776,-0.4,9,-0.147983362513306,0.862445463747609
24.125,-109.375,"24.125_-109.375",31.8389871794872,0.355566666666667,2.11805618647323,3.43218715725234,-0.4,9,0.0983813408877507,1.10338347012324
24.125,-109.125,"24.125_-109.125",32.0329027777778,0.382466666666667,2.19339481327228,3.73448967981518,-0.4,9,1.06178400148555,2.89152487530392
24.125,-108.875,"24.125_-108.875",31.9965961538462,0.408516666666667,2.17928923736797,4.02723989218551,-0.4,9,1.56827499429934,4.79836384556807
24.125,-108.625,"24.125_-108.625",32.0036527777778,0.435566666666667,2.18203082371549,4.33122811654703,-0.4,9,2.44547079947067,11.5359794535726
24.125,-108.375,"24.125_-108.375",32.0570192307692,0.456166666666667,2.20276435583438,4.56273116356541,-0.4,9,3.55550688447287,35.0055592458773
24.125,-108.125,"24.125_-108.125",32.0094791666667,0.470683333333333,2.1842944484159,4.72586963763742,-0.4,9,4.05539549824246,57.7079818888628
24.125,-107.875,"24.125_-107.875",31.8819294871795,0.481616666666667,2.13473980822228,4.84873856874103,-0.4,9,4.07337956371852,58.7551943579022
24.125,-107.625,"24.125_-107.625",31.6867847222222,0.48345,2.05892363485354,4.86934159072486,-0.4,9,3.53477800158756,34.287402120431
24.125,-107.375,"24.125_-107.375",31.7359038461538,0.480983333333333,2.07800702669619,4.84162116114661,-0.4,9,4.25831515394744,70.6907799811207
24.125,-107.125,"24.125_-107.125",31.6039803921569,0.4611,2.02675312059305,4.61817202272191,-0.4,9,4.12666836246194,61.9711133312872
