"latitude","longitude","pixel_id","sst_weekly_avg","sla_weekly_avg","sst_scaled","sla_scaled","oni_lag8","month","predicted_log_chlor","predicted_chlor_actual"
18.125,-109.875,"18.125_-109.875",27.3382480276134,0.00978333333333333,0.369462931098641,-0.45373008909908,-0.4,4,-2.21375254443861,0.109289763371553
18.125,-109.625,"18.125_-109.625",27.6189492521368,0.0122166666666667,0.478518855340007,-0.426384259920533,-0.4,4,-2.22366422383169,0.108211868972393
18.125,-109.375,"18.125_-109.375",28.0334652366864,0.0194666666666667,0.639563481649153,-0.344908672984452,-0.4,4,-2.27656340715478,0.102636320577961
18.125,-109.125,"18.125_-109.125",28.2673368055556,0.03285,0.730425501008405,-0.194506612502446,-0.4,4,-2.31363865942905,0.0989007299761192
18.125,-108.875,"18.125_-108.875",28.2694940828402,0.058,0.731263630120686,0.0881293890758208,-0.4,4,-2.3207121579046,0.0982036242082979
18.125,-108.625,"18.125_-108.625",28.3040900106838,0.0711333333333333,0.744704579273544,0.235721946560031,-0.4,4,-2.30690410109084,0.0995690305405485
18.125,-108.375,"18.125_-108.375",28.3938424556213,0.083,0.779574522759566,0.36907968885541,-0.4,4,-2.30878528742332,0.0993818987112632
18.125,-108.125,"18.125_-108.125",28.3307884615385,0.0828333333333333,0.755077260186199,0.367206686856879,-0.4,4,-2.28657813254862,0.101613575813897
18.125,-107.875,"18.125_-107.875",28.1506282051282,0.0661333333333333,0.685082755147092,0.179531886604114,-0.4,4,-2.22732329501826,0.10781663757148
18.125,-107.625,"18.125_-107.625",27.9880972222222,0.0428166666666667,0.621937442586491,-0.0825010929903162,-0.4,4,-2.15769338804661,0.115591438368065
18.125,-107.375,"18.125_-107.375",27.9564750986193,0.0154166666666667,0.609651853445068,-0.390422621548746,-0.4,4,-2.08059190602138,0.124856287134234
18.125,-107.125,"18.125_-107.125",27.6832003205128,-0.00443333333333333,0.503481196196005,-0.613497159573739,-0.4,4,-1.96481726402832,0.140181500478159
18.125,-106.875,"18.125_-106.875",27.492908530572,-0.0206166666666667,0.429550464106107,-0.79536565363106,-0.4,4,-1.84130983735517,0.158609537289545
18.125,-106.625,"18.125_-106.625",27.6554513888889,-0.0358666666666667,0.492700390411857,-0.966745336496609,-0.4,4,-1.79042285817828,0.16688958411874
18.125,-106.375,"18.125_-106.375",27.7112628205128,-0.0503333333333333,0.514383827202408,-1.12932190996906,-0.4,4,-1.72233444523481,0.178648615338865
18.125,-106.125,"18.125_-106.125",27.7891829594017,-0.0581666666666667,0.54465677231682,-1.2173530039,-0.4,4,-1.66558148397138,0.189080678625547
18.125,-105.875,"18.125_-105.875",28.0833565088757,-0.0478333333333333,0.65894686271358,-1.10122687999111,-0.4,4,-1.72869630831545,0.177515684903804
18.125,-105.625,"18.125_-105.625",28.2512011217949,-0.0252666666666667,0.72415658676061,-0.847622409390063,-0.4,4,-1.79894963235278,0.165472604042663
18.125,-105.375,"18.125_-105.375",28.3672721893491,-0.00848333333333333,0.769251643154842,-0.659011108138033,-0.4,4,-1.83526763966025,0.15957078858086
18.125,-105.125,"18.125_-105.125",28.6482104700855,0.0214833333333333,0.878399666689512,-0.322245348802232,-0.4,4,-1.91234061731813,0.147734192390249
18.125,-104.875,"18.125_-104.875",28.735590729783,0.05815,0.912347986644121,0.0898150908744983,-0.4,4,-1.96857598156393,0.139655586813773
18.125,-104.625,"18.125_-104.625",28.9260566239316,0.0792833333333333,0.986346360388678,0.327311744288177,-0.4,4,-1.98715155238723,0.1370853502804
18.125,-104.375,"18.125_-104.375",28.7387162228797,0.0862833333333333,0.913562279666689,0.405977828226462,-0.4,4,-1.9315847628642,0.144918355180531
18.125,-104.125,"18.125_-104.125",28.5838229166667,0.0870166666666667,0.853384299693334,0.414219037019997,-0.4,4,-1.87530117408481,0.153308787257534
18.125,-103.875,"18.125_-103.875",28.7969679487179,0.06855,0.936193801174065,0.206690415582807,-0.4,4,-1.7282008523626,0.177603657898185
18.375,-109.875,"18.375_-109.875",27.5171204594017,0.00666666666666667,0.438957100221339,-0.488755226471602,-0.4,4,-2.22347518718505,0.10823232691482
18.375,-109.625,"18.375_-109.625",27.8614340277778,0.0101166666666667,0.572727212880656,-0.449984085102018,-0.4,4,-2.25372515885984,0.105007326101869
18.375,-109.375,"18.375_-109.375",28.1969188034188,0.0183333333333333,0.703067229524928,-0.35764508657446,-0.4,4,-2.2901267986725,0.101253622214994
18.375,-109.125,"18.375_-109.125",28.27334375,0.03765,0.732759273792502,-0.140564154944765,-0.4,4,-2.31495458959713,0.0987706691161713
18.375,-108.875,"18.375_-108.875",28.2530755876068,0.0589833333333333,0.724884840090926,0.0991801008671513,-0.4,4,-2.31140836338109,0.0991215540433121
18.375,-108.625,"18.375_-108.625",28.3548666087963,0.0728833333333333,0.76443192049337,0.255388467544603,-0.4,4,-2.31072877304661,0.0991889389878632
18.375,-108.375,"18.375_-108.375",28.2194473824786,0.0835166666666667,0.711819863274163,0.374885995050854,-0.4,4,-2.28595068917072,0.101677352585211
18.375,-108.125,"18.375_-108.125",28.1478579282407,0.0855333333333333,0.684006468049022,0.397549319233075,-0.4,4,-2.25792908345869,0.104566809818
18.375,-107.875,"18.375_-107.875",28.1199970619658,0.06685,0.673182174257868,0.187585795197795,-0.4,4,-2.21555133169091,0.109093351043349
18.375,-107.625,"18.375_-107.625",27.9936090856481,0.0436166666666667,0.624078870224463,-0.0735106833973695,-0.4,4,-2.15113599461298,0.116351907529773
18.375,-107.375,"18.375_-107.375",27.8115715811966,0.0226833333333333,0.553355030924264,-0.308759734412812,-0.4,4,-2.04029405401261,0.129990481035333
18.375,-107.125,"18.375_-107.125",27.7707320601852,0.00155,0.53748836800879,-0.546256387826491,-0.4,4,-1.95702905514583,0.141277525782293
18.375,-106.875,"18.375_-106.875",27.6097753739316,-0.0133833333333333,0.474954689318868,-0.714077366894832,-0.4,4,-1.8585245954131,0.155902479999803
18.375,-106.625,"18.375_-106.625",27.6200503472222,-0.02205,0.478946644504189,-0.811473470818423,-0.4,4,-1.77559363641057,0.169382867810288
18.375,-106.375,"18.375_-106.375",27.7255600961538,-0.03435,0.519938496982752,-0.949701018309981,-0.4,4,-1.69863118901771,0.182933754486755
18.375,-106.125,"18.375_-106.125",27.9095419560185,-0.04725,0.591417742594377,-1.09467137299625,-0.4,4,-1.68240310554599,0.185926637420199
18.375,-105.875,"18.375_-105.875",28.0486933760684,-0.0399166666666667,0.645479803594663,-1.0122592850609,-0.4,4,-1.67828233084963,0.186694379963677
18.375,-105.625,"18.375_-105.625",28.1674146412037,-0.0195333333333333,0.691604494779831,-0.783191140640611,-0.4,4,-1.70900743419527,0.181045402940906
18.375,-105.375,"18.375_-105.375",28.4070889423077,-0.00675,0.784720947934548,-0.639531887353314,-0.4,4,-1.73705636885495,0.17603782912055
18.375,-105.125,"18.375_-105.125",28.600857349537,0.0321833333333333,0.860002389171783,-0.201998620496568,-0.4,4,-1.8285901688486,0.160639883315994
18.375,-104.875,"18.375_-104.875",28.6238571047009,0.06605,0.86893808070991,0.178595385604848,-0.4,4,-1.87517171650347,0.153328635527058
18.375,-104.625,"18.375_-104.625",28.5264696180556,0.101066666666667,0.831101828361236,0.572113105496126,-0.4,4,-1.872496139731,0.153739427370325
18.375,-104.375,"18.375_-104.375",28.4292398504274,0.13215,0.793326851816432,0.921427978222082,-0.4,4,-1.82517608243922,0.161189259032886
18.375,-104.125,"18.375_-104.125",28.4139039351852,0.151666666666667,0.78736865760598,1.14075651225001,-0.4,4,-1.76775070129386,0.170716549806682
18.375,-103.875,"18.375_-103.875",28.5523888888889,0.150566666666667,0.841171788124296,1.12839469905971,-0.4,4,-1.55379920605199,0.211443129892123
18.625,-109.875,"18.625_-109.875",27.6645850591716,0.00346666666666667,0.496248935154005,-0.524716864843389,-0.4,4,-2.22321403420641,0.10826059580047
18.625,-109.625,"18.625_-109.625",28.0108303952991,0.00776666666666667,0.63076956366132,-0.4763934132813,-0.4,4,-2.25977515494429,0.104373950083256
18.625,-109.375,"18.625_-109.375",28.1250781558185,0.01695,0.675156242547763,-0.373191003162264,-0.4,4,-2.27396476465753,0.10290338253136
18.625,-109.125,"18.625_-109.125",28.1960737179487,0.0375666666666667,0.702738903287094,-0.14150065594403,-0.4,4,-2.30406180326891,0.0998524379525247
18.625,-108.875,"18.625_-108.875",28.2112975838264,0.05355,0.70865356492293,0.0381202357150539,-0.4,4,-2.29711155138183,0.100548854880945
18.625,-108.625,"18.625_-108.625",28.2268237179487,0.0708666666666667,0.714685661539099,0.232725143362383,-0.4,4,-2.29734190698885,0.100525695555986
18.625,-108.375,"18.625_-108.375",28.173266765286,0.0747666666666667,0.693878117923632,0.276553390127998,-0.4,4,-2.27602926709226,0.102691157392618
18.625,-108.125,"18.625_-108.125",28.0000045405983,0.0746,0.626563584182216,0.274680388129468,-0.4,4,-2.22127092983449,0.108471161947224
18.625,-107.875,"18.625_-107.875",27.9411634615385,0.0606,0.603703091602871,0.117348220252898,-0.4,4,-2.15661207766898,0.115716496190914
18.625,-107.625,"18.625_-107.625",27.7145670405983,0.0475666666666667,0.515667557887692,-0.0291205360321943,-0.4,4,-2.0936946274003,0.123231001079213
18.625,-107.375,"18.625_-107.375",27.5137593688363,0.03175,0.43765127464579,-0.206868425692748,-0.4,4,-2.00749791105083,0.13432434601567
18.625,-107.125,"18.625_-107.125",27.5130365918803,0.01435,0.437370466790088,-0.402409834339341,-0.4,4,-1.92063876369509,0.146513344828344
18.625,-106.875,"18.625_-106.875",27.4735613905325,-0.00361666666666667,0.422033859068092,-0.604319449780939,-0.4,4,-1.82658489810367,0.16096233296585
18.625,-106.625,"18.625_-106.625",27.5760985576923,-0.0115833333333333,0.461870826479575,-0.693848945310702,-0.4,4,-1.76491435188007,0.171201448939257
18.625,-106.375,"18.625_-106.375",27.7259425542406,-0.0301,0.520087086716227,-0.901939467347451,-0.4,4,-1.66685588750551,0.188839867018643
18.625,-106.125,"18.625_-106.125",27.9512411858974,-0.0382666666666667,0.607618413119847,-0.993716565275449,-0.4,4,-1.6414736611004,0.193694391975887
18.625,-105.875,"18.625_-105.875",28.1669351577909,-0.0351,0.691418209497936,-0.958129527303368,-0.4,4,-1.59604805014167,0.202695981589868
18.625,-105.625,"18.625_-105.625",28.2648947649573,-0.0214,0.729476737799646,-0.804168763024154,-0.4,4,-1.64606868091476,0.192806404130131
18.625,-105.375,"18.625_-105.375",28.2946624753452,-0.0120666666666667,0.741041864294604,-0.69928065110644,-0.4,4,-1.61221002144263,0.199446345947538
18.625,-105.125,"18.625_-105.125",28.1798004807692,0.0325166666666667,0.6964165478217,-0.198252616499507,-0.4,4,-1.63930882255916,0.194114163265453
18.625,-104.875,"18.625_-104.875",28.2164948224852,0.0771166666666667,0.710672756917544,0.30296271830728,-0.4,4,-1.71605758656857,0.179773494107538
18.625,-104.625,"18.625_-104.625",28.2250806623932,0.130716666666667,0.714008462731227,0.905320161034718,-0.4,4,-1.71021944354392,0.180826107141137
18.625,-104.375,"18.625_-104.375",28.3593057199211,0.184966666666667,0.76615657049213,1.51498231155643,-0.4,4,-1.68381051140891,0.185665147235193
18.625,-104.125,"18.625_-104.125",28.1793266559829,0.223766666666667,0.696232460986707,1.95101717681435,-0.4,4,-1.44497801798,0.235751258787792
18.625,-103.875,"18.625_-103.875",28.1241666666667,0.239783333333333,0.674802117651934,2.13101266887314,-0.4,4,-1.08305070211312,0.338561099522491
18.875,-109.875,"18.875_-109.875",27.5463651175214,0.0012,0.450319014391033,-0.550189692023405,-0.4,4,-2.21015498525672,0.1096836478498
18.875,-109.625,"18.875_-109.625",27.8684519675926,0.00778333333333333,0.575453769966662,-0.476206113081447,-0.4,4,-2.23997905628153,0.106460734039546
18.875,-109.375,"18.875_-109.375",27.8714797008547,0.0186,0.576630082075083,-0.354648283376811,-0.4,4,-2.24286638618509,0.106153790116025
18.875,-109.125,"18.875_-109.125",27.9793857060185,0.0344333333333333,0.618552909965546,-0.176713093516405,-0.4,4,-2.2733524130252,0.102966414882637
18.875,-108.875,"18.875_-108.875",28.2631463675214,0.0438,0.728797463604684,-0.0714503811989857,-0.4,4,-2.29375948822418,0.100886466524586
18.875,-108.625,"18.875_-108.625",28.3216472800926,0.0575833333333333,0.751525797263548,0.0834468840794942,-0.4,4,-2.29220235215672,0.10104368285217
18.875,-108.375,"18.875_-108.375",28.1423044871795,0.05995,0.681848886981525,0.110043512458629,-0.4,4,-2.23822548856328,0.106647583925103
18.875,-108.125,"18.875_-108.125",27.7795983796296,0.0540166666666667,0.54093304361815,0.0433646413109396,-0.4,4,-2.15268014369232,0.116172381482045
18.875,-107.875,"18.875_-107.875",27.4870844017094,0.0434666666666667,0.427287717454079,-0.0751963851960469,-0.4,4,-2.08235457020989,0.124636401277587
18.875,-107.625,"18.875_-107.625",27.4755390625,0.03605,0.422802209276124,-0.158544974130658,-0.4,4,-2.0189673752594,0.13279251914587
18.875,-107.375,"18.875_-107.375",27.5017633547009,0.0249166666666667,0.432990673642093,-0.283661507632502,-0.4,4,-1.95192634669593,0.142000266205512
18.875,-107.125,"18.875_-107.125",27.5440706018519,0.00953333333333333,0.449427566455777,-0.456539592096876,-0.4,4,-1.8724092779173,0.153752782035819
18.875,-106.875,"18.875_-106.875",27.6084385683761,-0.00743333333333333,0.474435323699287,-0.64721119554729,-0.4,4,-1.77761791379615,0.169040336707423
18.875,-106.625,"18.875_-106.625",27.4393174189815,-0.0108166666666667,0.408729649321456,-0.685233136117461,-0.4,4,-1.70970003264634,0.180920054588304
18.875,-106.375,"18.875_-106.375",27.5018707264957,-0.0271833333333333,0.433032388922627,-0.869161932373165,-0.4,4,-1.57937261043409,0.206104365378532
18.875,-106.125,"18.875_-106.125",27.6718721064815,-0.0372,0.499080043855862,-0.981729352484854,-0.4,4,-1.50218092207365,0.222644060921806
18.875,-105.875,"18.875_-105.875",27.8035590277778,-0.0332833333333333,0.55024205405676,-0.937713805519385,-0.4,4,-1.46813681048937,0.230354279277231
18.875,-105.625,"18.875_-105.625",28.0450763888889,-0.0255833333333333,0.644074558995185,-0.851181113187272,-0.4,4,-1.46547814655655,0.230967528742204
18.875,-105.375,"18.875_-105.375",28.1487919337607,-0.01985,0.684369340834479,-0.786749844437819,-0.4,4,-1.43208724628431,0.238809946508775
18.875,-105.125,"18.875_-105.125",28.1902445023148,0.0315333333333333,0.700474180361012,-0.209303328290837,-0.4,4,-1.56838478822192,0.208381490917593
18.875,-104.875,"18.875_-104.875",28.0593189102564,0.0831166666666667,0.649607956057846,0.370390790254381,-0.4,4,-1.60779731034802,0.20032838972199
18.875,-104.625,"18.875_-104.625",27.7247037037037,0.146483333333333,0.519605777842242,1.08250615009571,-0.4,4,-1.4255193170011,0.240383595500259
18.875,-104.375,"18.875_-104.375",27.7066546474359,0.20625,0.51259349452815,1.75416466676878,-0.4,4,-1.09210687413366,0.335508873567873
18.875,-104.125,"18.875_-104.125",27.4903769597819,0.258766666666667,0.428566917301963,2.34434759650577,-0.4,4,-0.674873869025887,0.509220645053117
18.875,-103.875,"18.875_-103.875",27.3368055555556,0.299366666666667,0.368902512725942,2.80061088334782,-0.4,4,-0.269989672949861,0.763387377835873
19.125,-109.875,"19.125_-109.875",27.4602053747535,-0.00135,0.416844880475482,-0.578846622600923,-0.4,4,-2.19976216915831,0.110829513904706
19.125,-109.625,"19.125_-109.625",27.6146776175214,0.00811666666666667,0.476859272052498,-0.472460109084386,-0.4,4,-2.21163142789379,0.109521825725463
19.125,-109.375,"19.125_-109.375",27.5866434911243,0.0237666666666667,0.465967664544453,-0.296585221422363,-0.4,4,-2.21974639408225,0.108636656230623
19.125,-109.125,"19.125_-109.125",27.6590721153846,0.0384666666666667,0.494107087782298,-0.131386445151965,-0.4,4,-2.23605056546769,0.10687978663846
19.125,-108.875,"19.125_-108.875",27.8647889546351,0.04045,0.574030643778792,-0.109097721369451,-0.4,4,-2.23438899199503,0.107057522876719
19.125,-108.625,"19.125_-108.625",28.0552443910256,0.0438,0.648024954554004,-0.0714503811989858,-0.4,4,-2.2308619211584,0.107435789037129
19.125,-108.375,"19.125_-108.375",27.6141886094675,0.0423666666666667,0.476669286328811,-0.0875581983863488,-0.4,4,-2.15115176378973,0.116350072770445
19.125,-108.125,"19.125_-108.125",27.0618648504274,0.03475,0.262084622065702,-0.173154389719197,-0.4,4,-2.06088731789457,0.127340927866124
19.125,-107.875,"19.125_-107.875",26.9604440335306,0.0238166666666667,0.222681370644997,-0.296023320822804,-0.4,4,-1.99808305488663,0.135594962362276
19.125,-107.625,"19.125_-107.625",27.0139118589744,0.016,0.243454287225073,-0.383867114553889,-0.4,4,-1.92760163425831,0.145496734741976
19.125,-107.375,"19.125_-107.375",27.2822398915187,0.00423333333333333,0.347703072169585,-0.516101055650149,-0.4,4,-1.85852219183161,0.155902854724567
19.125,-107.125,"19.125_-107.125",27.4689190705128,-0.00826666666666667,0.420230259880968,-0.656576205539943,-0.4,4,-1.79564988810153,0.16601952316696
19.125,-106.875,"19.125_-106.875",27.5322532051282,-0.0203,0.444836360542754,-0.791806949833852,-0.4,4,-1.69658684734637,0.183308116115304
19.125,-106.625,"19.125_-106.625",27.5583514957265,-0.0331833333333333,0.454975871715708,-0.936590004320267,-0.4,4,-1.58533642298855,0.204878855564479
19.125,-106.375,"19.125_-106.375",27.4620631163708,-0.0422833333333333,0.41756663624775,-1.03885591344004,-0.4,4,-1.45308815010154,0.233847017194154
19.125,-106.125,"19.125_-106.125",27.4719329594017,-0.0466166666666667,0.421401193277844,-1.08755396540183,-0.4,4,-1.36129218625685,0.256329337611703
19.125,-105.875,"19.125_-105.875",27.5381794871795,-0.04225,0.447138794981774,-1.03848131304033,-0.4,4,-1.27573437572232,0.279225836233476
19.125,-105.625,"19.125_-105.625",27.7266613247863,-0.0268666666666667,0.520366338031611,-0.865603228575957,-0.4,4,-1.25478072071254,0.285138366307533
19.125,-105.375,"19.125_-105.375",27.9907201676529,-0.018,0.622956489577322,-0.76595952225413,-0.4,4,-1.30955670198464,0.269939693595697
19.125,-105.125,"19.125_-105.125",27.7987585470085,0.0269833333333333,0.548377007447219,-0.260436282850723,-0.4,4,-1.23428173551396,0.291043733688321
19.125,-104.875,"19.125_-104.875",27.3629818456884,0.0767,0.379072327690197,0.298280213310953,-0.4,4,-0.799801744877553,0.449418054717064
19.125,-104.625,"19.125_-104.625",26.8331341365462,0.14805,0.17321988894223,1.1001123688819,-0.4,4,-0.330429398042959,0.71861509525681
19.125,-104.375,"19.125_-104.375",26.7235504385965,0.2002,0.130645256494565,1.68617469422212,-0.4,4,-0.00475642453096836,0.995254869342943
19.375,-109.875,"19.375_-109.875",27.3936941773504,0.0142,0.391004451323439,-0.404095536138019,-0.4,4,-2.22866767608127,0.107671788313767
19.375,-109.625,"19.375_-109.625",27.4100219907407,0.0215666666666667,0.397348010326949,-0.321308847802967,-0.4,4,-2.22277181602979,0.108308481190859
19.375,-109.375,"19.375_-109.375",27.482172542735,0.03455,0.425379399023685,-0.175401992117434,-0.4,4,-2.23772368230687,0.106701113779631
19.375,-109.125,"19.375_-109.125",27.5880625,0.04125,0.466518967178467,-0.100107311776504,-0.4,4,-2.23174140271233,0.107341342780396
19.375,-108.875,"19.375_-108.875",27.6391105769231,0.0412666666666667,0.486351781299759,-0.0999200115766508,-0.4,4,-2.21275415181778,0.10939893195232
19.375,-108.625,"19.375_-108.625",27.4138761574074,0.0347833333333333,0.398845402113278,-0.172779789319491,-0.4,4,-2.14673507815015,0.116865090965537
19.375,-108.375,"19.375_-108.375",26.8684027777778,0.0287333333333333,0.186922195630702,-0.240769761866151,-0.4,4,-2.08365512882926,0.124474409694226
19.375,-108.125,"19.375_-108.125",26.696513599537,0.017,0.120141107546869,-0.372629102562705,-0.4,4,-2.00902214394032,0.134119760387295
19.375,-107.875,"19.375_-107.875",26.6372692307692,0.0037,0.0971239318895811,-0.522094662045446,-0.4,4,-1.91156212509873,0.147849247088347
19.375,-107.625,"19.375_-107.625",26.7036128472222,-0.006,0.122899253753893,-0.631103378359927,-0.4,4,-1.8541408340999,0.156587419468938
19.375,-107.375,"19.375_-107.375",27.108766292735,-0.0206,0.28030641695742,-0.795178353431207,-0.4,4,-1.76453202157688,0.171266916955542
19.375,-107.125,"19.375_-107.125",27.2980717592593,-0.03555,0.353853950106941,-0.963186632699401,-0.4,4,-1.6522806841907,0.191612402526595
19.375,-106.875,"19.375_-106.875",27.4247922008547,-0.0464166666666667,0.403086421044438,-1.0853063630036,-0.4,4,-1.55956930586582,0.210226595066659
19.375,-106.625,"19.375_-106.625",27.4847572337963,-0.0545666666666667,0.426383583715227,-1.17689616073174,-0.4,4,-1.42975608967142,0.239367299280702
19.375,-106.375,"19.375_-106.375",27.5262524038462,-0.0590333333333333,0.442504974453811,-1.22709261429236,-0.4,4,-1.31478445125785,0.268532198779185
19.375,-106.125,"19.375_-106.125",27.5203208912037,-0.0545166666666667,0.440200507864931,-1.17633426013218,-0.4,4,-1.22437599378603,0.293941064158073
19.375,-105.875,"19.375_-105.875",27.5275662393162,-0.0481,0.443015415908901,-1.10422368318875,-0.4,4,-1.08062943423233,0.339381839853583
19.375,-105.625,"19.375_-105.625",27.7031637731481,-0.0338333333333333,0.511237246358919,-0.943894712114536,-0.4,4,-1.08766786400853,0.33700151132075
19.375,-105.375,"19.375_-105.375",27.6048087606838,-0.0151666666666667,0.47302509817079,-0.734118488279109,-0.4,4,-0.979522144771994,0.375490486079263
19.375,-105.125,"19.375_-105.125",26.9249199499687,0.0155833333333333,0.208879821427524,-0.388549619550215,-0.4,4,-0.406188435165662,0.66618462298697
19.625,-109.875,"19.625_-109.875",27.1147650394477,0.0533333333333333,0.282637004820558,0.0356853331169642,-0.4,4,-2.29868010407665,0.10039126233208
19.625,-109.625,"19.625_-109.625",27.1063709935897,0.0541166666666667,0.279375813385708,0.0444884425100579,-0.4,4,-2.27590868398674,0.102703540957895
19.625,-109.375,"19.625_-109.375",27.1404018737673,0.0581166666666667,0.292597234477862,0.0894404904747922,-0.4,4,-2.26345615498494,0.103990455822972
19.625,-109.125,"19.625_-109.125",27.0503301282051,0.0572,0.257603238719591,0.0791389794828739,-0.4,4,-2.22638214642352,0.107918156813273
19.625,-108.875,"19.625_-108.875",26.8411129191322,0.0469166666666667,0.176319745420273,-0.0364252438264637,-0.4,4,-2.17977692752041,0.113066749907744
19.625,-108.625,"19.625_-108.625",26.6246153846154,0.0335833333333333,0.0922077549478557,-0.186265403708911,-0.4,4,-2.11418136429097,0.120732084704786
19.625,-108.375,"19.625_-108.375",26.5815069033531,0.0196166666666667,0.075459572695754,-0.343222971185775,-0.4,4,-2.04886565320861,0.1288810164683
19.625,-108.125,"19.625_-108.125",26.5233990384615,0.0043,0.0528839429591972,-0.515351854850736,-0.4,4,-1.96703501232268,0.139870957674739
19.625,-107.875,"19.625_-107.875",26.5295682938856,-0.0106166666666667,0.0552807755818373,-0.682985533719224,-0.4,4,-1.86183685834434,0.155386944260702
19.625,-107.625,"19.625_-107.625",26.6652374465812,-0.0255666666666667,0.107989932313824,-0.850993812987418,-0.4,4,-1.75975792818763,0.17208651607626
19.625,-107.375,"19.625_-107.375",27.0932640532544,-0.0413166666666667,0.274283603707355,-1.02799250184856,-0.4,4,-1.66298672572265,0.189571934345376
19.625,-107.125,"19.625_-107.125",27.4683488247863,-0.05805,0.420008712308978,-1.21604190250103,-0.4,4,-1.57830570734601,0.206324376106615
19.625,-106.875,"19.625_-106.875",27.4904758382643,-0.0668333333333333,0.428605332824757,-1.31474910782359,-0.4,4,-1.46605474796541,0.230834390927145
19.625,-106.625,"19.625_-106.625",27.5026447649573,-0.0705166666666667,0.433333112512146,-1.35614245199112,-0.4,4,-1.34087202902713,0.261617431086018
19.625,-106.375,"19.625_-106.375",27.5459028599606,-0.06975,0.450139421567318,-1.34752664279788,-0.4,4,-1.20919199977867,0.298438320265078
19.625,-106.125,"19.625_-106.125",27.5635817307692,-0.05735,0.457007883216739,-1.2081752941072,-0.4,4,-1.08098030862919,0.339262780343907
19.625,-105.875,"19.625_-105.875",27.6765172583826,-0.0388666666666667,0.50088474326422,-1.00045937247016,-0.4,4,-0.95568940899183,0.384546943027021
19.625,-105.625,"19.625_-105.625",27.6828993055556,-0.0183666666666667,0.503364248133413,-0.770080126650897,-0.4,4,-0.850012040197264,0.427409785819613
19.625,-105.375,"19.625_-105.375",27.286748447205,-0.0114166666666667,0.349454702245978,-0.691975943312171,-0.4,4,-0.32207047156087,0.724647121516741
19.625,-105.125,"19.625_-105.125",26.6554322344322,-0.0107833333333333,0.104180485186887,-0.684858535717755,-0.4,4,0.511848433929191,1.66837222235316
19.875,-109.875,"19.875_-109.875",26.5282983440171,0.1097,0.0547873842299274,0.669134609020011,-0.4,4,-2.32194906776142,0.098082230269696
19.875,-109.625,"19.875_-109.625",26.5585104166667,0.0985333333333333,0.0665251510018442,0.543643475118461,-0.4,4,-2.30186090243641,0.100072445284692
19.875,-109.375,"19.875_-109.375",26.6058311965812,0.08895,0.0849098637802245,0.435945860202952,-0.4,4,-2.27396237069166,0.10290362887884
19.875,-109.125,"19.875_-109.125",26.6016501736111,0.0767666666666667,0.0832854842462516,0.299029414110366,-0.4,4,-2.22408567734303,0.108166272309358
19.875,-108.875,"19.875_-108.875",26.5121864316239,0.0554833333333333,0.048527705454688,0.0598470588980088,-0.4,4,-2.16124580561289,0.115181537811931
19.875,-108.625,"19.875_-108.625",26.4465170717593,0.0352333333333333,0.0230143406785212,-0.167722683923458,-0.4,4,-2.1001098249495,0.122442980220411
19.875,-108.375,"19.875_-108.375",26.4570050747863,0.0166833333333333,0.0270890605715496,-0.376187806359913,-0.4,4,-2.0243196694241,0.132083673188764
19.875,-108.125,"19.875_-108.125",26.3784484953704,-0.003,-0.00343114961989085,-0.597389342386376,-0.4,4,-1.91861174490322,0.146810631332445
19.875,-107.875,"19.875_-107.875",26.4032200854701,-0.02095,0.00619292187406168,-0.799111657628121,-0.4,4,-1.81069814149918,0.163539922931651
19.875,-107.625,"19.875_-107.625",26.5442855902778,-0.03655,0.0609986286589236,-0.974424644690584,-0.4,4,-1.69186528494133,0.184175663302287
19.875,-107.375,"19.875_-107.375",27.2180900106838,-0.0517333333333333,0.32278004393445,-1.14505512675672,-0.4,4,-1.6412193917757,0.193743648780116
19.875,-107.125,"19.875_-107.125",27.5414053819444,-0.0642333333333333,0.448392095303833,-1.28553027664652,-0.4,4,-1.5630203509138,0.209502344047051
19.875,-106.875,"19.875_-106.875",27.4669871794872,-0.0743666666666667,0.419479696139421,-1.39940879815718,-0.4,4,-1.3919002544649,0.248602447588589
19.875,-106.625,"19.875_-106.625",27.4878315972222,-0.0732666666666667,0.427578012223465,-1.38704698496687,-0.4,4,-1.30210383784259,0.271959033042849
19.875,-106.375,"19.875_-106.375",27.5413004807692,-0.0599833333333333,0.448351339889829,-1.23776872568399,-0.4,4,-1.2110043697762,0.297897929449284
19.875,-106.125,"19.875_-106.125",27.5741085069444,-0.0406166666666667,0.461097666961073,-1.02012589345473,-0.4,4,-1.06304315220955,0.345403095163995
19.875,-105.875,"19.875_-105.875",27.6825032051282,-0.0272833333333333,0.503210358180598,-0.870285733572284,-0.4,4,-0.82572048457242,0.43791936462993
19.875,-105.625,"19.875_-105.625",27.3802893518519,-0.0176833333333333,0.38579650954647,-0.762400818456921,-0.4,4,-0.420785055756193,0.656531203847196
19.875,-105.375,"19.875_-105.375",26.870670153417,-0.0219666666666667,0.187803099325937,-0.810536969819158,-0.4,4,0.298881175869983,1.34834939750963
20.125,-109.875,"20.125_-109.875",26.3605268737673,0.16895,-0.010393922978469,1.33498681949764,-0.4,4,-2.28011747822259,0.102272191254525
20.125,-109.625,"20.125_-109.625",26.3955387286325,0.149066666666667,0.00320861900621491,1.11153768107294,-0.4,4,-2.28525580578799,0.10174803104172
20.125,-109.375,"20.125_-109.375",26.4310170118343,0.122833333333333,0.0169923742129982,0.816727166504221,-0.4,4,-2.26806326206651,0.103512462586014
20.125,-109.125,"20.125_-109.125",26.5475280448718,0.0939166666666667,0.0622583626809663,0.491761319759164,-0.4,4,-2.23547538960793,0.106941278994395
20.125,-108.875,"20.125_-108.875",26.408548816568,0.06695,0.00826320032015219,0.188709596396914,-0.4,4,-2.16055750733115,0.115260844356644
20.125,-108.625,"20.125_-108.625",26.2504190705128,0.0375333333333333,-0.0531721768692038,-0.141875256343736,-0.4,4,-2.06650547620692,0.126627512291054
20.125,-108.375,"20.125_-108.375",26.3411343688363,0.0141833333333333,-0.0179281528422434,-0.404282836337872,-0.4,4,-1.98258341141687,0.137713008008453
20.125,-108.125,"20.125_-108.125",26.3759249465812,-0.00926666666666667,-0.00441157977668444,-0.667814217531126,-0.4,4,-1.86521336100706,0.15486316459899
20.125,-107.875,"20.125_-107.875",26.3442692307692,-0.03175,-0.0167102199100083,-0.920482187132903,-0.4,4,-1.71689811352646,0.179622453125328
20.125,-107.625,"20.125_-107.625",26.3900291132479,-0.04575,0.00106806476031202,-1.07781435500947,-0.4,4,-1.61422448109488,0.199044973740628
20.125,-107.375,"20.125_-107.375",27.1605470907298,-0.0586666666666667,0.300423902347307,-1.22297200989559,-0.4,4,-1.58791087870481,0.204352082391681
20.125,-107.125,"20.125_-107.125",27.5509019764957,-0.0643333333333333,0.452081640647622,-1.28665407784563,-0.4,4,-1.53025260657325,0.216480975891098
20.125,-106.875,"20.125_-106.875",27.5101762820513,-0.06985,0.436259200772084,-1.348650443997,-0.4,4,-1.40042745030357,0.246491578519629
20.125,-106.625,"20.125_-106.625",27.5315638354701,-0.0656666666666667,0.444568531838629,-1.30163809383388,-0.4,4,-1.29483615190029,0.273942745652791
20.125,-106.375,"20.125_-106.375",27.5994987672584,-0.0537833333333333,0.470962099544034,-1.16809305133865,-0.4,4,-1.18779188646601,0.30489376135916
20.125,-106.125,"20.125_-106.125",27.4881076388889,-0.0426833333333333,0.427685257851405,-1.04335111823651,-0.4,4,-0.934217049156001,0.392893361327617
20.125,-105.875,"20.125_-105.875",27.4278920118343,-0.0357,0.404290736244452,-0.964872334498079,-0.4,4,-0.423143927021875,0.654984356379696
20.125,-105.625,"20.125_-105.625",26.9087697659709,-0.0370666666666667,0.202605273656876,-0.980230950886029,-0.4,4,0.250811127419547,1.28506734742278
20.375,-109.875,"20.375_-109.875",26.2803165064103,0.2051,-0.0415566503969608,1.74124095297892,-0.4,4,-2.18072040750755,0.11296012399961
20.375,-109.625,"20.375_-109.625",26.3020153356481,0.177116666666667,-0.0331263847951195,1.42676391742564,-0.4,4,-2.23151633816571,0.107365504229884
20.375,-109.375,"20.375_-109.375",26.3351802884615,0.1407,-0.020241387276397,1.0175129807467,-0.4,4,-2.23175200999426,0.107340204186549
20.375,-109.125,"20.375_-109.125",26.4051976273148,0.0986666666666667,0.00696122152779256,0.545141876717285,-0.4,4,-2.20813121681216,0.109905846919097
20.375,-108.875,"20.375_-108.875",26.2655625,0.0633833333333333,-0.0472887657736056,0.148627353628359,-0.4,4,-2.13762155731517,0.117935011372605
20.375,-108.625,"20.375_-108.625",26.0665636574074,0.0312166666666667,-0.124602296338889,-0.212862032088045,-0.4,4,-2.02749220559941,0.13166529696517
20.375,-108.375,"20.375_-108.375",26.2142849893162,0.00275,-0.0672107177704668,-0.532770773437071,-0.4,4,-1.91719474900064,0.147018808854013
20.375,-108.125,"20.375_-108.125",26.3159739583333,-0.0208166666666667,-0.0277032859089119,-0.797613256029297,-0.4,4,-1.80070948091191,0.165181653408482
20.375,-107.875,"20.375_-107.875",26.2799583333333,-0.0406333333333333,-0.0416958051014279,-1.02031319365458,-0.4,4,-1.65359839431819,0.191360079204242
20.375,-107.625,"20.375_-107.625",26.3089878472222,-0.04805,-0.0304174771468334,-1.1036617825892,-0.4,4,-1.57653566155006,0.206689903105473
20.375,-107.375,"20.375_-107.375",26.8102540064103,-0.0560166666666667,0.164330673218382,-1.19319127811896,-0.4,4,-1.54066385555367,0.214238830571067
20.375,-107.125,"20.375_-107.125",27.4570853587963,-0.0621666666666667,0.41563271538987,-1.26230505186474,-0.4,4,-1.50133370828203,0.222832767967159
20.375,-106.875,"20.375_-106.875",27.5518469551282,-0.0665,0.452448776624062,-1.31100310382653,-0.4,4,-1.41436988392859,0.243078733018419
20.375,-106.625,"20.375_-106.625",27.5138695023148,-0.0575333333333333,0.437694062874842,-1.21023559630559,-0.4,4,-1.29953508668652,0.272658526150616
20.375,-106.375,"20.375_-106.375",27.5262804487179,-0.0510333333333333,0.44251587023604,-1.13718851836289,-0.4,4,-1.16270197578436,0.312640292113245
20.375,-106.125,"20.375_-106.125",27.607474537037,-0.05495,0.474060785508888,-1.18120406532836,-0.4,4,-0.835734881479869,0.433555752240432
20.375,-105.875,"20.375_-105.875",27.2191338141026,-0.0496333333333333,0.323185574572078,-1.12145530157524,-0.4,4,-0.141065787610754,0.86843217774026
20.375,-105.625,"20.375_-105.625",26.88434375,-0.0452666666666667,0.193115462019021,-1.07238264921373,-0.4,4,0.612950493431391,1.84586959827546
20.625,-109.875,"20.625_-109.875",26.2576646942801,0.206566666666667,-0.0503571617299372,1.75772337056599,-0.4,4,-2.15038877733513,0.116438880175075
20.625,-109.625,"20.625_-109.625",26.2718373397436,0.175,-0.0448509123268825,1.4029767920443,-0.4,4,-2.21360107343651,0.109306318855336
20.625,-109.375,"20.625_-109.375",26.2651321499014,0.132283333333333,-0.04745596215058,0.922926379820906,-0.4,4,-2.22904164003673,0.107631530473878
20.625,-109.125,"20.625_-109.125",26.1887625534188,0.0878,-0.0771265022149856,0.423022146413091,-0.4,4,-2.18070455334882,0.112961914901542
20.625,-108.875,"20.625_-108.875",26.0853922583826,0.0476666666666667,-0.117287150190121,-0.027996734833076,-0.4,4,-2.09405831381521,0.123186191786985
20.625,-108.625,"20.625_-108.625",25.9406137820513,0.0142333333333333,-0.173535392688474,-0.403720935738313,-0.4,4,-1.97246527115601,0.139113480680723
20.625,-108.375,"20.625_-108.375",25.8823350591716,-0.01125,-0.196177402882919,-0.690102941313641,-0.4,4,-1.82483449777052,0.161244328217389
20.625,-108.125,"20.625_-108.125",26.0652524038462,-0.0327666666666667,-0.125111734690219,-0.93190749932394,-0.4,4,-1.68470048817591,0.185499983074747
20.625,-107.875,"20.625_-107.875",26.2006025641026,-0.0424,-0.0725265104966109,-1.04016701483901,-0.4,4,-1.60275521482885,0.201341015330384
20.625,-107.625,"20.625_-107.625",26.4142048611111,-0.0455833333333333,0.0104606441191305,-1.07594135301094,-0.4,4,-1.55252817944279,0.211712050603034
20.625,-107.375,"20.625_-107.375",26.6778402366864,-0.0509333333333333,0.112886273344311,-1.13606471716377,-0.4,4,-1.50768457496102,0.221422071081538
20.625,-107.125,"20.625_-107.125",27.2190913461538,-0.0569833333333333,0.323169075244703,-1.20405468971044,-0.4,4,-1.45432332415338,0.23355835373792
20.625,-106.875,"20.625_-106.875",27.549425295858,-0.0600666666666667,0.451507931815281,-1.23870522668325,-0.4,4,-1.3967750167297,0.247393518772446
20.625,-106.625,"20.625_-106.625",27.5561813568376,-0.0532333333333333,0.454132745709892,-1.1619121447435,-0.4,4,-1.28404211420256,0.276915710257131
20.625,-106.375,"20.625_-106.375",27.6303663708087,-0.0512833333333333,0.48295454824108,-1.13999802136069,-0.4,4,-1.14329874068307,0.318765759971774
20.625,-106.125,"20.625_-106.125",27.5467743055556,-0.0599333333333333,0.450477989042221,-1.23720682508443,-0.4,4,-0.828596045276736,0.436661909723774
20.625,-105.875,"20.625_-105.875",27.2871974852071,-0.0559666666666667,0.349629159106383,-1.1926293775194,-0.4,4,-0.385749465396294,0.679940853055144
20.625,-105.625,"20.625_-105.625",26.8422045940171,-0.0464166666666667,0.176743874719142,-1.0853063630036,-0.4,4,0.325853927859476,1.38521301306397
20.625,-105.375,"20.625_-105.375",26.9054321321321,-0.0304666666666667,0.201308561311981,-0.906060071744218,-0.4,4,1.03086650496055,2.8034940240068
20.875,-109.875,"20.875_-109.875",26.211828258547,0.170816666666667,-0.0681651882937279,1.35596444188118,-0.4,4,-2.20936928045913,0.109769860682614
20.875,-109.625,"20.875_-109.625",26.1555260416667,0.136066666666667,-0.0900393012732844,0.96544352518755,-0.4,4,-2.21720869544065,0.108912693427038
20.875,-109.375,"20.875_-109.375",26.0966992521368,0.0932833333333333,-0.112894242192162,0.484643912164747,-0.4,4,-2.1898309754615,0.111935666892896
20.875,-109.125,"20.875_-109.125",25.8718975694444,0.05355,-0.20023249772936,0.0381202357150539,-0.4,4,-2.10986347754096,0.121254519268579
20.875,-108.875,"20.875_-108.875",25.549359508547,0.01615,-0.32554255433463,-0.382181412755211,-0.4,4,-1.97299756471178,0.139039451175899
20.875,-108.625,"20.875_-108.625",25.5530133101852,-0.0123166666666667,-0.324123006859115,-0.702090154104236,-0.4,4,-1.84459825196521,0.158088820006231
20.875,-108.375,"20.875_-108.375",25.3239388354701,-0.0298666666666667,-0.413121295351027,-0.899317264549508,-0.4,4,-1.68054001802102,0.186273357903948
20.875,-108.125,"20.875_-108.125",25.6657647569444,-0.0417166666666667,-0.280317664517761,-1.03248770664503,-0.4,4,-1.57045965258811,0.207949575825085
20.875,-107.875,"20.875_-107.875",26.1744244123932,-0.0431833333333333,-0.0826970487065794,-1.0489701242321,-0.4,4,-1.5726039136568,0.207504155364934
20.875,-107.625,"20.875_-107.625",26.3735581597222,-0.0428833333333333,-0.0053311059697964,-1.04559872063475,-0.4,4,-1.52691017318038,0.217205759729923
20.875,-107.375,"20.875_-107.375",26.7809270833333,-0.0438,0.152936798087483,-1.05590023162667,-0.4,4,-1.50713014555464,0.221544868026942
20.875,-107.125,"20.875_-107.125",27.2615706018519,-0.0491,0.339672795522724,-1.11546169517994,-0.4,4,-1.43818087671186,0.237359151745167
20.875,-106.875,"20.875_-106.875",27.5636749465812,-0.0533333333333333,0.457044098721482,-1.16303594594262,-0.4,4,-1.38381578858932,0.250620411682704
20.875,-106.625,"20.875_-106.625",27.6078559027778,-0.0538,0.47420895085231,-1.1682803515385,-0.4,4,-1.26248232130032,0.282950779271769
20.875,-106.375,"20.875_-106.375",27.741797542735,-0.06205,0.526246947354635,-1.26099395046577,-0.4,4,-1.11920532243655,0.326539184907402
20.875,-106.125,"20.875_-106.125",27.6351822916667,-0.0521833333333333,0.48482559351754,-1.15011223215275,-0.4,4,-0.937561529359232,0.391581532174785
20.875,-105.875,"20.875_-105.875",27.5492203525641,-0.0469166666666667,0.4514283087913,-1.09092536899919,-0.4,4,-0.805914550447548,0.446679229011777
20.875,-105.625,"20.875_-105.625",27.0884,-0.0317,0.272393858394977,-0.919920286533344,-0.4,4,-0.425052632740343,0.653735376340025
20.875,-105.375,"20.875_-105.375",27.0341791187739,-0.0103333333333333,0.251328370257795,-0.679801430321722,-0.4,4,0.280595443831952,1.32391789642969
21.125,-109.875,"21.125_-109.875",26.1145734714004,0.109383333333333,-0.105949885233265,0.665575905222802,-0.4,4,-2.22264645365518,0.10832205985036
21.125,-109.625,"21.125_-109.625",25.8392419871795,0.0696166666666667,-0.212919598441487,0.218677628373403,-0.4,4,-2.14451365956074,0.117124985811808
21.125,-109.375,"21.125_-109.375",25.4806378205128,0.02655,-0.352241786647285,-0.265306088046902,-0.4,4,-2.04267749991657,0.129681024688484
21.125,-109.125,"21.125_-109.125",25.3259121260684,-0.00973333333333333,-0.412354647359523,-0.673058623127012,-0.4,4,-1.90054041164158,0.149487812436023
21.125,-108.875,"21.125_-108.875",25.0039257889546,-0.035,-0.537450352398429,-0.95700572610425,-0.4,4,-1.71129200182659,0.180632264574507
21.125,-108.625,"21.125_-108.625",24.9538969017094,-0.0445166666666667,-0.556887198627229,-1.06395414022035,-0.4,4,-1.60810418510765,0.200266923427257
21.125,-108.375,"21.125_-108.375",24.9875041913215,-0.0463833333333333,-0.543830347749154,-1.08493176260389,-0.4,4,-1.5485797015547,0.212549643473741
21.125,-108.125,"21.125_-108.125",25.394797275641,-0.0485,-0.385591908201877,-1.10871888798523,-0.4,4,-1.50702928307083,0.221567214719557
21.125,-107.875,"21.125_-107.875",25.8631969921105,-0.04425,-0.203612780463087,-1.0609573370227,-0.4,4,-1.50775773992432,0.221405871336469
21.125,-107.625,"21.125_-107.625",26.2831124465812,-0.0395166666666667,-0.0404703927934063,-1.00776408026443,-0.4,4,-1.47880109237229,0.227910768611044
21.125,-107.375,"21.125_-107.375",26.8134985207101,-0.0377,0.165591207461793,-0.987348358480446,-0.4,4,-1.49440875014494,0.224381230889315
21.125,-107.125,"21.125_-107.125",27.3949081196581,-0.0423166666666667,0.391476083039923,-1.03923051383974,-0.4,4,-1.41228771380898,0.243585391584636
21.125,-106.875,"21.125_-106.875",27.6302048816568,-0.0444166666666667,0.482891807692859,-1.06283033902123,-0.4,4,-1.37845076339452,0.251968609830407
21.125,-106.625,"21.125_-106.625",27.6807860576923,-0.05045,0.50254322500012,-1.13063301136804,-0.4,4,-1.2265390175399,0.293305949785421
21.125,-106.375,"21.125_-106.375",27.778141025641,-0.05285,0.540366843429876,-1.15760424014688,-0.4,4,-1.14747056949507,0.317438693861065
21.125,-106.125,"21.125_-106.125",27.9034949252137,-0.0455333333333333,0.589068395759648,-1.07537945241138,-0.4,4,-1.02537124424189,0.358663289006174
21.125,-105.875,"21.125_-105.875",27.8062776134122,-0.0265166666666667,0.551298258458781,-0.861669924379043,-0.4,4,-1.0036923026283,0.366523623528761
21.125,-105.625,"21.125_-105.625",27.6542478632479,-0.0043,0.492232805700202,-0.611998757974915,-0.4,4,-1.03901597728154,0.353802660577129
21.125,-105.375,"21.125_-105.375",27.4653405349794,0.0213,0.418839954225238,-0.324305651000616,-0.4,4,-0.555107044350234,0.574010813293133
21.375,-109.875,"21.375_-109.875",25.5695219017094,0.0390666666666667,-0.317709213297461,-0.124643637957255,-0.4,4,-2.09704366432094,0.12281898621842
21.375,-109.625,"21.375_-109.625",25.0739299768519,-0.0100833333333333,-0.510252852904577,-0.676991927323926,-0.4,4,-1.90402034421053,0.148968509023356
21.375,-109.375,"21.375_-109.375",24.7277419871795,-0.04685,-0.644751201599316,-1.09017616819978,-0.4,4,-1.64946254977985,0.192153153628463
21.375,-109.125,"21.375_-109.125",24.8265792824074,-0.0729,-0.606351680546634,-1.38292638057011,-0.4,4,-1.47423949302929,0.22895278103814
21.375,-108.875,"21.375_-108.875",24.8401180555556,-0.0808166666666667,-0.601091698438352,-1.47189397550031,-0.4,4,-1.39037462301396,0.248982012766075
21.375,-108.625,"21.375_-108.625",24.8362604166667,-0.0730333333333333,-0.602590439226291,-1.38442478216893,-0.4,4,-1.39214694062048,0.248541128370137
21.375,-108.375,"21.375_-108.375",25.5874879807692,-0.0618666666666667,-0.310729167662852,-1.25893364826738,-0.4,4,-1.48411737899372,0.226702344651191
21.375,-108.125,"21.375_-108.125",25.6215083912037,-0.0529166666666667,-0.29751181419636,-1.15835344094629,-0.4,4,-1.4783248992991,0.228019323984969
21.375,-107.875,"21.375_-107.875",25.7667139423077,-0.0423666666666667,-0.241097647826004,-1.0397924144393,-0.4,4,-1.47521983714664,0.228728438510504
21.375,-107.625,"21.375_-107.625",26.3554635416667,-0.03415,-0.0123610906062873,-0.947453415911744,-0.4,4,-1.50252642518975,0.222567149992225
21.375,-107.375,"21.375_-107.375",26.9570299145299,-0.0292833333333333,0.221354942861439,-0.892761757554651,-0.4,4,-1.50474759256366,0.222073339720812
21.375,-107.125,"21.375_-107.125",27.5120593171296,-0.0291833333333333,0.436990783369192,-0.891637956355532,-0.4,4,-1.45555005576961,0.23327201598685
21.375,-106.875,"21.375_-106.875",27.5917585470085,-0.03125,0.467954927506894,-0.914863181137312,-0.4,4,-1.38057607002297,0.251433667932911
21.375,-106.625,"21.375_-106.625",27.5256808449074,-0.0388166666666667,0.442282916682494,-0.9998974718706,-0.4,4,-1.17834760071383,0.307786905501138
21.375,-106.375,"21.375_-106.375",27.6455544871795,-0.0322166666666667,0.488855320747921,-0.925726592728789,-0.4,4,-1.13198202267188,0.322393631269423
21.375,-106.125,"21.375_-106.125",27.9286365740741,-0.0314833333333333,0.598836239694346,-0.917485383935254,-0.4,4,-1.05794687530676,0.347167858020583
21.375,-105.875,"21.375_-105.875",27.9805384615385,-0.00943333333333333,0.619000769852389,-0.669687219529657,-0.4,4,-1.028786923974,0.357440299937788
21.375,-105.625,"21.375_-105.625",27.7381727430556,0.02315,0.524838667501537,-0.303515328816926,-0.4,4,-0.856064066038952,0.424830902356917
21.375,-105.375,"21.375_-105.375",27.5334869123932,0.0514833333333333,0.445315671191475,0.0148950109332746,-0.4,4,0.0657297407935067,1.0679380580692
21.625,-109.875,"21.625_-109.875",24.7230221893491,-0.0216166666666667,-0.646584901881522,-0.806603665622243,-0.4,4,-1.80818282198394,0.163951795870187
21.625,-109.625,"21.625_-109.625",24.7446498397436,-0.0673333333333333,-0.638182290147483,-1.32036811381918,-0.4,4,-1.49480841118133,0.224291572371731
21.625,-109.375,"21.625_-109.375",24.7907140039448,-0.100083333333333,-0.620285788235542,-1.68841300653045,-0.4,4,-1.25698596449143,0.284510259517951
21.625,-109.125,"21.625_-109.125",24.6573819444444,-0.1123,-0.672086955132854,-1.82570405302274,-0.4,4,-1.14978914428348,0.31670354109129
21.625,-108.875,"21.625_-108.875",24.5569787968442,-0.101633333333333,-0.711094829348161,-1.70583192511678,-0.4,4,-1.18073990231828,0.307051466440049
21.625,-108.625,"21.625_-108.625",25.4996621260684,-0.08525,-0.344850606829903,-1.52171582866122,-0.4,4,-1.32792979128166,0.265025351566845
21.625,-108.375,"21.625_-108.375",25.9823853550296,-0.06495,-0.157306615967247,-1.2935841852402,-0.4,4,-1.4736590103375,0.229085722746216
21.625,-108.125,"21.625_-108.125",25.816531517094,-0.0493333333333333,-0.221742899121178,-1.11808389797788,-0.4,4,-1.4891930077696,0.225554602926594
21.625,-107.875,"21.625_-107.875",26.047249260355,-0.03705,-0.132106180318335,-0.980043650686176,-0.4,4,-1.50462818203421,0.222099859199205
21.625,-107.625,"21.625_-107.625",26.8826121794872,-0.0271333333333333,0.192442725293396,-0.868600031773606,-0.4,4,-1.57278963734152,0.207465620507133
21.625,-107.375,"21.625_-107.375",27.211340729783,-0.02215,0.320157864184994,-0.812597272017541,-0.4,4,-1.50779457584715,0.221397715797086
21.625,-107.125,"21.625_-107.125",27.4826217948718,-0.0217,0.425553939078057,-0.807540166621509,-0.4,4,-1.48394325056492,0.22674182341136
21.625,-106.875,"21.625_-106.875",27.5758969428008,-0.0230166666666667,0.461792496581397,-0.8223368824099,-0.4,4,-1.33004444743458,0.264465506225297
21.625,-106.625,"21.625_-106.625",27.2555737179487,-0.0231666666666667,0.337342931384315,-0.824022584208578,-0.4,4,-1.13356850141311,0.321882566131288
21.625,-106.375,"21.625_-106.375",27.6539625246548,-0.0105166666666667,0.492121948100498,-0.681861732520106,-0.4,4,-1.16390291507323,0.312265055466476
21.625,-106.125,"21.625_-106.125",27.7980582264957,0.00153333333333333,0.548104924199558,-0.546443688026344,-0.4,4,-1.14351276329032,0.318697544192841
21.625,-105.875,"21.625_-105.875",27.8818412228797,0.00946666666666667,0.580655662522411,-0.457288792896288,-0.4,4,-0.970776066180135,0.378788958705361
21.625,-105.625,"21.625_-105.625",27.6497801816239,0.0346,0.490497055706444,-0.174840091517874,-0.4,4,0.0477425439060917,1.04890057471415
21.625,-105.375,"21.625_-105.375",27.2832045751634,0.0671166666666667,0.348077863788851,0.190582598395444,-0.4,4,1.55437461780171,4.73212621209926
21.875,-109.875,"21.875_-109.875",24.8024129273504,-0.0514833333333333,-0.61574061068315,-1.14224562375893,-0.4,4,-1.56804415763868,0.208452484116922
21.875,-109.625,"21.875_-109.625",24.8111154513889,-0.0914666666666667,-0.612359571630474,-1.59157880320641,-0.4,4,-1.294443176244,0.274050419638291
21.875,-109.375,"21.875_-109.375",24.8132123397436,-0.110633333333333,-0.611544904370148,-1.80697403303743,-0.4,4,-1.13836543506301,0.320342214255067
21.875,-109.125,"21.875_-109.125",24.4759305555556,-0.113483333333333,-0.742583081231912,-1.83900236721231,-0.4,4,-1.0711723043148,0.342606642659504
21.875,-108.875,"21.875_-108.875",25.2255291132479,-0.0954,-0.451354698961948,-1.63578165037174,-0.4,4,-1.23735823791589,0.290149712876298
21.875,-108.625,"21.875_-108.625",26.0661252893519,-0.0712666666666667,-0.124772607792064,-1.36457096098451,-0.4,4,-1.434338502221,0.238272928907797
21.875,-108.375,"21.875_-108.375",26.0324105235043,-0.047,-0.137871214527151,-1.09186186999845,-0.4,4,-1.52959040328185,0.216624377781219
21.875,-108.125,"21.875_-108.125",26.0600873842593,-0.0302,-0.127118409173845,-0.903063268546569,-0.4,4,-1.5989537019157,0.202107872485277
21.875,-107.875,"21.875_-107.875",26.6322783119658,-0.01785,0.0951848977302372,-0.764273820455452,-0.4,4,-1.63261569321225,0.195417752146244
21.875,-107.625,"21.875_-107.625",27.056587962963,-0.0160166666666667,0.260034485517406,-0.743670798471616,-0.4,4,-1.62820816769539,0.196280961787123
21.875,-107.375,"21.875_-107.375",27.1537849893162,-0.0177833333333333,0.297796741668832,-0.76352461965604,-0.4,4,-1.55243728179396,0.211731295605311
21.875,-107.125,"21.875_-107.125",27.3142092013889,-0.0135333333333333,0.360123547502987,-0.71576306869351,-0.4,4,-1.52558700410788,0.217493349896815
21.875,-106.875,"21.875_-106.875",27.3159289529915,-0.0153666666666667,0.360791692434672,-0.736366090677346,-0.4,4,-1.37610144627522,0.252561259887887
21.875,-106.625,"21.875_-106.625",27.3492850115741,-0.0133833333333333,0.373750936926585,-0.714077366894832,-0.4,4,-1.30775368455378,0.270426838602029
21.875,-106.375,"21.875_-106.375",27.5818728632479,0.00253333333333333,0.464114216155849,-0.535205676035161,-0.4,4,-1.30865876122151,0.270182192308609
21.875,-106.125,"21.875_-106.125",27.6259950810185,0.0180333333333333,0.48125624767612,-0.361016490171815,-0.4,4,-1.1925592811627,0.303443671779363
21.875,-105.875,"21.875_-105.875",27.7053266559829,0.0345333333333333,0.512077553297268,-0.175589292317287,-0.4,4,-0.766746662297263,0.464521859155515
21.875,-105.625,"21.875_-105.625",27.4902344139651,0.04905,0.428511536475526,-0.0124508182452721,-0.4,4,1.02058979119128,2.77483085223558
22.125,-109.875,"22.125_-109.875",24.70454117357,-0.0537333333333333,-0.653765006849467,-1.16753115073909,-0.4,4,-1.46784468626376,0.230421581172459
22.125,-109.625,"22.125_-109.625",24.7504054487179,-0.0792833333333333,-0.635946164326029,-1.45466235711383,-0.4,4,-1.28152888314751,0.277612538698437
22.125,-109.375,"22.125_-109.375",24.7726055226824,-0.0953666666666667,-0.627321158900647,-1.63540704997203,-0.4,4,-1.14273660970907,0.318944998451934
22.125,-109.125,"22.125_-109.125",25.3611883012821,-0.0911,-0.398649413625112,-1.58745819880965,-0.4,4,-1.20068385170506,0.300988310147992
22.125,-108.875,"22.125_-108.875",26.0436252465483,-0.0745333333333333,-0.133514154850064,-1.40128180015571,-0.4,4,-1.36529059798459,0.255306473660379
22.125,-108.625,"22.125_-108.625",26.312140224359,-0.0498833333333333,-0.029192739339617,-1.12426480457303,-0.4,4,-1.51384336151981,0.220062570540399
22.125,-108.375,"22.125_-108.375",26.3437719428008,-0.02185,-0.016903422483687,-0.809225868420186,-0.4,4,-1.65834101231709,0.19045468012637
22.125,-108.125,"22.125_-108.125",26.6048974358974,-0.00921666666666667,0.0845470861166758,-0.667252316931567,-0.4,4,-1.70689575316832,0.181428117026133
22.125,-107.875,"22.125_-107.875",26.799200443787,-0.00103333333333333,0.160036226373385,-0.575287918803715,-0.4,4,-1.68780115625327,0.184925699989595
22.125,-107.625,"22.125_-107.625",26.8659967948718,-0.00481666666666667,0.185987441284808,-0.61780506417036,-0.4,4,-1.64857419448813,0.192323929743011
22.125,-107.375,"22.125_-107.375",26.8407223865878,-0.00701666666666667,0.176168018659387,-0.642528690550963,-0.4,4,-1.57076026115486,0.207887073795932
22.125,-107.125,"22.125_-107.125",26.9598979700855,-0.00486666666666667,0.222469218190725,-0.618366964769919,-0.4,4,-1.52766852899187,0.21704110292186
22.125,-106.875,"22.125_-106.875",27.0394309664694,-0.00275,0.253368778543788,-0.59457983938858,-0.4,4,-1.49139780867912,0.225057847757272
22.125,-106.625,"22.125_-106.625",27.2510846688034,0.000416666666666667,0.335598879842193,-0.558992801416499,-0.4,4,-1.4489846501574,0.234808579953221
22.125,-106.375,"22.125_-106.375",27.4098880670611,0.0108833333333333,0.39729597930827,-0.441368275908778,-0.4,4,-1.31531169668196,0.268390653723925
22.125,-106.125,"22.125_-106.125",27.4559583333333,0.0290166666666667,0.415194851950851,-0.237585658468649,-0.4,4,-1.25846749165191,0.284089061925919
22.125,-105.875,"22.125_-105.875",27.4332026627219,0.0432166666666667,0.406353990303464,-0.0780058881938428,-0.4,4,-0.546730814885642,0.57883905257092
22.125,-105.625,"22.125_-105.625",27.3230884573894,0.0577,0.363573249125624,0.0847579854784657,-0.4,4,1.44352524000641,4.23560103955294
22.375,-109.875,"22.375_-109.875",24.7912956730769,-0.0437833333333333,-0.62005980252808,-1.05571293142681,-0.4,4,-1.41862684044271,0.242046156797819
22.375,-109.625,"22.375_-109.625",25.040953125,-0.0595666666666667,-0.523064770855349,-1.23308622068766,-0.4,4,-1.30313456351807,0.271678862299208
22.375,-109.375,"22.375_-109.375",25.2654716880342,-0.0681833333333333,-0.435836510833985,-1.32992042401169,-0.4,4,-1.26005557236369,0.283638263613042
22.375,-109.125,"22.375_-109.125",25.8685373263889,-0.0618333333333333,-0.201537994036765,-1.25855904786768,-0.4,4,-1.3559610035956,0.257699525246998
22.375,-108.875,"22.375_-108.875",26.3130507478632,-0.0516,-0.0288389896099153,-1.1435567251579,-0.4,4,-1.4687992888919,0.230201725079788
22.375,-108.625,"22.375_-108.625",26.4698802083333,-0.0319333333333333,0.0320912104235299,-0.922542489331287,-0.4,4,-1.58509377436109,0.204928575169531
22.375,-108.375,"22.375_-108.375",26.6308784722222,-0.00973333333333333,0.0946410425429776,-0.673058623127012,-0.4,4,-1.69547516514954,0.183512009796011
22.375,-108.125,"22.375_-108.125",26.67190625,0.00808333333333333,0.110580845558525,-0.472834709484092,-0.4,4,-1.72804538605807,0.177631271428982
22.375,-107.875,"22.375_-107.875",26.6796704059829,0.0136166666666667,0.113597316926286,-0.410651043132876,-0.4,4,-1.717493109819,0.17951561022038
22.375,-107.625,"22.375_-107.625",26.7284826388889,0.007,0.13256147778054,-0.485009222474541,-0.4,4,-1.67597292621442,0.187126031066817
22.375,-107.375,"22.375_-107.375",26.6752275641026,0.00336666666666667,0.111871217482502,-0.525840666042508,-0.4,4,-1.61128522584907,0.199630878363653
22.375,-107.125,"22.375_-107.125",26.9451313657407,0.00528333333333333,0.216732208359522,-0.504301143059406,-0.4,4,-1.60487425001717,0.200914818356719
22.375,-106.875,"22.375_-106.875",26.9795905448718,0.00573333333333333,0.23012002893322,-0.499244037663373,-0.4,4,-1.55805484786395,0.210545215623592
22.375,-106.625,"22.375_-106.625",27.103583912037,0.01245,0.278292997465748,-0.42376205712259,-0.4,4,-1.4403655122574,0.236841174506958
22.375,-106.375,"22.375_-106.375",27.3220755876068,0.0202333333333333,0.363179736591205,-0.336292863791212,-0.4,4,-1.3136873876732,0.268826957330648
22.375,-106.125,"22.375_-106.125",27.3142905092593,0.0388833333333333,0.360155136624005,-0.126703940155638,-0.4,4,-1.19275138975701,0.30338538324117
22.375,-105.875,"22.375_-105.875",27.3074946581197,0.0547333333333333,0.357514863756316,0.0514185499046211,-0.4,4,-0.317506432875404,0.727961997870418
22.375,-105.625,"22.375_-105.625",27.2309847619048,0.0710666666666667,0.327789815497281,0.234972745760619,-0.4,4,1.66848792455993,5.30414146845808
22.625,-109.875,"22.625_-109.875",24.7918878205128,-0.0307666666666667,-0.619829745869017,-0.909431475341573,-0.4,4,-1.28542690241906,0.276532506034187
22.625,-109.625,"22.625_-109.625",25.2681936431624,-0.0369333333333333,-0.434778997341645,-0.978732549287205,-0.4,4,-1.32283976420844,0.266377776802014
22.625,-109.375,"22.625_-109.375",25.5306405325444,-0.04465,-0.332815109815232,-1.06545254181917,-0.4,4,-1.3351010470491,0.263131585442396
22.625,-109.125,"22.625_-109.125",25.7915608974359,-0.0418333333333333,-0.231444296079173,-1.033798808044,-0.4,4,-1.36372898822609,0.25570547420154
22.625,-108.875,"22.625_-108.875",26.2082578895464,-0.03325,-0.0695523211497047,-0.937339205119679,-0.4,4,-1.4785802392531,0.227961108973896
22.625,-108.625,"22.625_-108.625",26.4862889957265,-0.0187166666666667,0.0384662288363649,-0.774013430847811,-0.4,4,-1.58852611124835,0.204226397007086
22.625,-108.375,"22.625_-108.375",26.5715872781065,0.00181666666666667,0.0716056746544216,-0.543259584628842,-0.4,4,-1.66444115261873,0.189296416234364
22.625,-108.125,"22.625_-108.125",26.6727558760684,0.0278,0.110910935875387,-0.251258573057923,-0.4,4,-1.76065933406154,0.171931466171793
22.625,-107.875,"22.625_-107.875",26.704716469428,0.0275166666666667,0.123328024735814,-0.254442676455425,-0.4,4,-1.74458682232649,0.174717163286424
22.625,-107.625,"22.625_-107.625",26.6400427350427,0.0187833333333333,0.0982014728673514,-0.352587981178428,-0.4,4,-1.67342849755101,0.187602766155941
22.625,-107.375,"22.625_-107.375",26.6405475838264,0.0135833333333333,0.0983976129119896,-0.411025643532582,-0.4,4,-1.61598173959597,0.198695507409692
22.625,-107.125,"22.625_-107.125",26.9251022970085,0.0118833333333333,0.20895066552517,-0.430130263917594,-0.4,4,-1.60850798743624,0.200186071502434
22.625,-106.875,"22.625_-106.875",26.9801442307692,0.0138333333333333,0.230335142805227,-0.408216140534786,-0.4,4,-1.53187592955558,0.216129842426315
22.625,-106.625,"22.625_-106.625",26.9914353632479,0.0215166666666667,0.234721888499978,-0.321870748402526,-0.4,4,-1.44818710992755,0.234995923939302
22.625,-106.375,"22.625_-106.375",27.1163868343195,0.0315666666666667,0.283267092341459,-0.208928727891131,-0.4,4,-1.29465860984637,0.273991386328264
22.625,-106.125,"22.625_-106.125",26.872250801282,0.04745,0.188417200721875,-0.0304316374311657,-0.4,4,-0.767476990263265,0.46418272970389
22.625,-105.875,"22.625_-105.875",26.8360673333333,0.05955,0.174359472451876,0.105548307662155,-0.4,4,0.443331735764709,1.55788905614686
22.875,-109.875,"22.875_-109.875",25.0422692939245,-0.0181333333333333,-0.522553422824149,-0.767457923852954,-0.4,4,-1.06724270785834,0.343955597196096
22.875,-109.625,"22.875_-109.625",25.6201173913043,-0.0269333333333333,-0.29805223499396,-0.866352429375369,-0.4,4,-1.19296417262704,0.303320834896233
22.875,-109.375,"22.875_-109.375",25.7234110576923,-0.0256166666666667,-0.25792135820371,-0.851555713586978,-0.4,4,-1.35632043638222,0.257606916232884
22.875,-109.125,"22.875_-109.125",25.7327766203704,-0.0197333333333333,-0.254282720375781,-0.785438743038848,-0.4,4,-1.44658035771196,0.235373807662201
22.875,-108.875,"22.875_-108.875",25.8302636217949,-0.0179666666666667,-0.216407805295087,-0.765584921854423,-0.4,4,-1.46717164865424,0.230576715762485
22.875,-108.625,"22.875_-108.625",26.1486059027778,-0.00525,-0.0927278614806298,-0.622674869366539,-0.4,4,-1.55541441806103,0.21110188007908
22.875,-108.375,"22.875_-108.375",26.471922275641,0.0175833333333333,0.0328845790238327,-0.366073595567848,-0.4,4,-1.68041771876821,0.18629614038955
22.875,-108.125,"22.875_-108.125",26.6663434606481,0.0427,0.108419632563617,-0.0838121943892877,-0.4,4,-1.76251996702699,0.171611862243044
22.875,-107.875,"22.875_-107.875",26.7686939102564,0.04105,0.148184057879192,-0.102354914174741,-0.4,4,-1.71343150249824,0.180246214847214
22.875,-107.625,"22.875_-107.625",26.7641119791667,0.03215,0.146403920544021,-0.202373220896274,-0.4,4,-1.68260338768496,0.185889403364347
22.875,-107.375,"22.875_-107.375",26.5066498397436,0.0221666666666667,0.0463766705039748,-0.314566040608257,-0.4,4,-1.59528433964747,0.202850841764782
22.875,-107.125,"22.875_-107.125",26.7144438657407,0.01625,0.127107239440519,-0.381057611556093,-0.4,4,-1.55294110168998,0.211624648033817
22.875,-106.875,"22.875_-106.875",27.0053814102564,0.0158,0.240140101579074,-0.386114716952125,-0.4,4,-1.45667956458034,0.233008681936557
22.875,-106.625,"22.875_-106.625",26.9022016782407,0.0209166666666667,0.200053489712477,-0.328613555597236,-0.4,4,-1.28911476514598,0.275514570269772
22.875,-106.375,"22.875_-106.375",26.7652686965812,0.0317333333333333,0.146853319676289,-0.207055725892601,-0.4,4,-0.800746285152748,0.448993761676461
22.875,-106.125,"22.875_-106.125",26.4641817288802,0.0446833333333333,0.0298772801330871,-0.0615234706067736,-0.4,4,0.33317645625489,1.39539350265861
23.125,-109.625,"23.125_-109.625",25.7794068901304,-0.02365,-0.236166279398601,-0.829454290004317,-0.4,4,-0.968296104822735,0.379729506464562
23.125,-109.375,"23.125_-109.375",26.0212576719577,-0.013,-0.142204236356348,-0.709769462298212,-0.4,4,-1.25909443411496,0.283911010249619
23.125,-109.125,"23.125_-109.125",26.1051030982906,-0.0053,-0.109629243220225,-0.623236769966098,-0.4,4,-1.45465997449605,0.233479739471603
23.125,-108.875,"23.125_-108.875",25.885650887574,-6e-04,-0.19488916222184,-0.570418113607536,-0.4,4,-1.46830417851574,0.230315728562311
23.125,-108.625,"23.125_-108.625",26.1859043803419,0.0129833333333333,-0.0782369380781528,-0.417768450727292,-0.4,4,-1.5553016191795,0.21112569347808
23.125,-108.375,"23.125_-108.375",26.3763229783037,0.0312833333333333,-0.00425693949161323,-0.212112831288633,-0.4,4,-1.66782612957953,0.188656735489733
23.125,-108.125,"23.125_-108.125",26.5916012286325,0.0457666666666667,0.0793813438772288,-0.0493489576163247,-0.4,4,-1.7002907109516,0.182630423670421
23.125,-107.875,"23.125_-107.875",26.6990685404339,0.0447666666666667,0.121133733928764,-0.0605869696075083,-0.4,4,-1.65003274279701,0.192043620472527
23.125,-107.625,"23.125_-107.625",26.8121306089744,0.0376,0.165059756703534,-0.141126055544324,-0.4,4,-1.6574511867249,0.190624226997284
23.125,-107.375,"23.125_-107.375",26.5989630177515,0.0270666666666667,0.0822414907034714,-0.259499781851457,-0.4,4,-1.54187916792681,0.213978621619073
23.125,-107.125,"23.125_-107.125",26.4883846153846,0.01925,0.0392804031922569,-0.347343575582542,-0.4,4,-1.45388102527931,0.233661679183487
23.125,-106.875,"23.125_-106.875",26.6661780078895,0.0137333333333333,0.108355352104784,-0.409339941733905,-0.4,4,-1.32474295872187,0.265871290202844
23.125,-106.625,"23.125_-106.625",26.6090886752137,0.0193333333333333,0.0861754348284625,-0.346407074583277,-0.4,4,-0.752798510416979,0.471046478005517
23.125,-106.375,"23.125_-106.375",26.254914039039,0.03325,-0.0514258255738176,-0.190011407705972,-0.4,4,0.28281328688247,1.32685739700629
23.375,-109.375,"23.375_-109.375",26.041127340824,-0.0142166666666667,-0.134484622356573,-0.723442376887485,-0.4,4,-1.07038576259527,0.342876223081571
23.375,-109.125,"23.375_-109.125",26.2835280671296,-0.000516666666666667,-0.0403089190302613,-0.56948161260827,-0.4,4,-1.40080112755038,0.246399487432451
23.375,-108.875,"23.375_-108.875",26.3477075320513,0.0130166666666667,-0.0153743970087336,-0.417393850327586,-0.4,4,-1.50830180342026,0.221285445246778
23.375,-108.625,"23.375_-108.625",26.4561681134259,0.025,0.0267638906515836,-0.282725006633237,-0.4,4,-1.57321167453088,0.207378080773575
23.375,-108.375,"23.375_-108.375",26.4685803952991,0.0359,0.0315862168595547,-0.160230675929336,-0.4,4,-1.61069167082403,0.199749405447352
23.375,-108.125,"23.375_-108.125",26.4386351273148,0.0448333333333333,0.0199521070253986,-0.0598377688080961,-0.4,4,-1.59002286920226,0.203920948171478
23.375,-107.875,"23.375_-107.875",26.5851663995726,0.0472666666666667,0.0768813325871236,-0.0324919396295495,-0.4,4,-1.59300078020208,0.203314593020757
23.375,-107.625,"23.375_-107.625",26.7203909143519,0.03895,0.129417741946856,-0.125954739356226,-0.4,4,-1.53616447912334,0.215204943538895
23.375,-107.375,"23.375_-107.375",26.4411191239316,0.0308166666666667,0.020917170670271,-0.217357236884519,-0.4,4,-1.4158831246922,0.242711174543221
23.375,-107.125,"23.375_-107.125",26.3026736111111,0.0264,-0.032870636573355,-0.26699178984558,-0.4,4,-1.27891636382388,0.278338755034321
23.375,-106.875,"23.375_-106.875",26.5413643162393,0.0222333333333333,0.0598636772857418,-0.313816839808844,-0.4,4,-0.90210463863249,0.405714877347456
23.375,-106.625,"23.375_-106.625",26.3733429355281,0.02565,-0.00541472325164683,-0.275420298838967,-0.4,4,0.0598531576393042,1.06168063540765
23.625,-109.625,"23.625_-109.625",25.8104693140794,-0.0453333333333333,-0.224098140548493,-1.07313185001315,-0.4,4,-0.716282253878754,0.488565245300413
23.625,-109.375,"23.625_-109.375",26.0967307888041,-0.0242166666666667,-0.112881989803852,-0.835822496799321,-0.4,4,-1.0575028036352,0.347322059667366
23.625,-109.125,"23.625_-109.125",26.3395219017094,-0.00286666666666667,-0.018554616417993,-0.595890940787552,-0.4,4,-1.36916577044056,0.254319031535778
23.625,-108.875,"23.625_-108.875",26.5083816568047,0.0148,0.0470495030166954,-0.397352728943309,-0.4,4,-1.48863243041296,0.225681079176229
23.625,-108.625,"23.625_-108.625",26.553672275641,0.01855,0.0646454729133099,-0.35521018397637,-0.4,4,-1.51793964313956,0.219162976031621
23.625,-108.375,"23.625_-108.375",26.6123286489152,0.0272,0.0874342049928465,-0.258001380252633,-0.4,4,-1.52761803706385,0.217052062022275
23.625,-108.125,"23.625_-108.125",26.6137716346154,0.0345666666666667,0.0879948229219965,-0.175214691917581,-0.4,4,-1.50412009107323,0.222212734803207
23.625,-107.875,"23.625_-107.875",26.5464460059172,0.038,0.0618379770611211,-0.13663085074785,-0.4,4,-1.49302366869537,0.224692232501412
23.625,-107.625,"23.625_-107.625",26.3994978632479,0.0362,0.00474679214888661,-0.156859272331981,-0.4,4,-1.41049061597849,0.244023531936014
23.625,-107.375,"23.625_-107.375",26.275092209073,0.0326166666666667,-0.043586355025418,-0.197128815300389,-0.4,4,-1.30423042420303,0.271381303186526
23.625,-107.125,"23.625_-107.125",26.1196311431624,0.0314833333333333,-0.103984916717538,-0.209865228890397,-0.4,4,-0.861845138765136,0.422382009448389
23.625,-106.875,"23.625_-106.875",26.2552140410959,0.0324,-0.0513092710356618,-0.199563717898478,-0.4,4,0.02323179643601,1.02350375657614
23.875,-109.625,"23.875_-109.625",25.8590502117362,-0.0608166666666667,-0.205223856321783,-1.24713373567664,-0.4,4,-0.764476074236798,0.465577795287063
23.875,-109.375,"23.875_-109.375",26.1233002136752,-0.0324166666666667,-0.102559437093921,-0.927974195127026,-0.4,4,-1.17157531358176,0.309878400910738
23.875,-109.125,"23.875_-109.125",26.2120630787037,-0.00615,-0.0680739577361755,-0.632789080158604,-0.4,4,-1.32656198535883,0.265388102842536
23.875,-108.875,"23.875_-108.875",26.2421375534188,0.0191333333333333,-0.0563896494767502,-0.348654676981513,-0.4,4,-1.42198117846186,0.241235612351702
23.875,-108.625,"23.875_-108.625",26.4673440393519,0.0131666666666667,0.0311058771647331,-0.415708148528909,-0.4,4,-1.45508374264965,0.233380819154626
23.875,-108.375,"23.875_-108.375",26.629297008547,0.01545,0.0940266241946172,-0.39004802114904,-0.4,4,-1.42897506679146,0.239554323643802
23.875,-108.125,"23.875_-108.125",26.4345578703704,0.02225,0.018368041885672,-0.313629539608991,-0.4,4,-1.38798935783752,0.249576609744506
23.875,-107.875,"23.875_-107.875",26.1737566773504,0.02725,-0.0829564720929832,-0.257439479653074,-0.4,4,-1.28947930509513,0.275414152506591
23.875,-107.625,"23.875_-107.625",26.1187879050926,0.0353166666666667,-0.104312525217337,-0.166786182924193,-0.4,4,-1.15929443256423,0.313707444572448
23.875,-107.375,"23.875_-107.375",26.2286340811966,0.0359833333333333,-0.0616359167353372,-0.159294174930071,-0.4,4,-0.842052762966397,0.430825233010945
23.875,-107.125,"23.875_-107.125",25.8857962633452,0.0368,-0.194832681922828,-0.150116465137271,-0.4,4,0.116563398985532,1.12362874513163
23.875,-106.875,"23.875_-106.875",25.8573519607843,0.0404833333333333,-0.205883647982722,-0.108723120969745,-0.4,4,1.18289928221714,3.26382324324242
24.125,-109.875,"24.125_-109.875",25.6235952380952,-0.07995,-0.296701048169626,-1.46215436510795,-0.4,4,-0.39416684192809,0.674241555094701
24.125,-109.625,"24.125_-109.625",25.8264791666667,-0.0621166666666667,-0.217878113279875,-1.26174315126518,-0.4,4,-0.778445213693476,0.459119289047975
24.125,-109.375,"24.125_-109.375",25.9681666666667,-0.0364333333333333,-0.162830753610577,-0.973113543291613,-0.4,4,-1.1328471665368,0.322114835014066
24.125,-109.125,"24.125_-109.125",26.1260625,-0.00655,-0.101486254429042,-0.637284284955078,-0.4,4,-1.28052850746583,0.277890394487995
24.125,-108.875,"24.125_-108.875",25.9849871794872,0.0199666666666667,-0.156295774737684,-0.33928966698886,-0.4,4,-1.33736070634055,0.262537668987609
24.125,-108.625,"24.125_-108.625",26.3063541666667,0.0181833333333333,-0.0314406948674921,-0.359330788373138,-0.4,4,-1.3552490450191,0.257883061961674
24.125,-108.375,"24.125_-108.375",26.5742564102564,0.01035,0.0726426657613328,-0.447361882304076,-0.4,4,-1.25447088946981,0.285226724769316
24.125,-108.125,"24.125_-108.125",26.3910277777778,0.0189,0.0014560583770198,-0.351276879779456,-0.4,4,-1.12918574672136,0.323296394426357
24.125,-107.875,"24.125_-107.875",26.0698269230769,0.0272,-0.123334476954636,-0.258001380252633,-0.4,4,-0.925792255277735,0.396217389377711
24.125,-107.625,"24.125_-107.625",26.1739583333333,0.0348,-0.082878126230289,-0.172592489119638,-0.4,4,-0.637725346881165,0.528493196552665
24.125,-107.375,"24.125_-107.375",26.1035,0.0421333333333333,-0.110252066886306,-0.0901804011842917,-0.4,4,-0.0696413540692036,0.932728279127992
24.125,-107.125,"24.125_-107.125",25.5943039215686,0.04625,-0.308081089711946,-0.0439172518205861,-0.4,4,1.01355693059144,2.75538431620612
